585,  3354,  154,  1329
0,  2863,  1330,  1552
3355,  3645,  154,  1197
0,  133,  813,  1329
163,  272,  871,  1329
0,  584,  148,  365
431,  584,  925,  1329
0,  584,  566,  759
301,  412,  878,  1329
2521,  2811,  0,  153
1649,  1877,  0,  153
777,  1005,  0,  153
2864,  3068,  1330,  1459
0,  133,  417,  565
0,  133,  0,  147
134,  162,  950,  1329
273,  300,  950,  1329
3355,  3495,  1198,  1265
2047,  2156,  69,  153
1035,  1144,  69,  153
1454,  1563,  69,  153
3069,  3218,  1330,  1391
1173,  1284,  76,  153
2381,  2435,  0,  153
1907,  2017,  70,  153
2242,  2296,  0,  153
1312,  1424,  79,  153
303,  412,  69,  147
163,  272,  69,  147
637,  691,  0,  153
358,  412,  417,  565
219,  272,  417,  565
441,  551,  492,  565
498,  551,  0,  147
413,  430,  950,  1329
3646,  3652,  154,  1193
1467,  1593,  0,  46
176,  303,  0,  46
498,  550,  813,  924
321,  433,  0,  51
1048,  1175,  0,  46
1188,  1314,  0,  46
1327,  1454,  0,  46
2060,  2186,  0,  46
1922,  2037,  0,  50
463,  551,  417,  470
2864,  2958,  1460,  1509
2326,  2380,  69,  153
1594,  1648,  69,  153
442,  497,  69,  147
324,  432,  813,  854
180,  293,  813,  853
2186,  2241,  70,  153
720,  776,  74,  153
581,  636,  71,  147
2466,  2520,  69,  153
164,  206,  486,  565
562,  584,  417,  565
301,  357,  494,  565
560,  584,  813,  924
3496,  3579,  1198,  1227
3069,  3143,  1392,  1425
442,  497,  871,  924
3355,  3424,  1266,  1297
3653,  3686,  1103,  1178
3653,  3687,  154,  218
456,  497,  0,  50
1370,  1436,  47,  78
736,  776,  0,  50
0,  91,  1553,  1575
2340,  2380,  0,  50
179,  218,  417,  469
316,  357,  417,  468
1608,  1648,  0,  50
3219,  3284,  1330,  1361
1399,  1487,  1553,  1575
2480,  2520,  0,  50
701,  789,  1553,  1575
596,  636,  0,  50
2201,  2241,  0,  50
2097,  2184,  1553,  1575
1230,  1297,  47,  75
1091,  1159,  47,  68
455,  497,  813,  852
1509,  1578,  47,  68
358,  425,  855,  877
2102,  2171,  47,  68
552,  582,  0,  46
218,  287,  47,  68
134,  163,  0,  46
692,  721,  0,  46
1878,  1907,  0,  46
1006,  1035,  0,  46
273,  303,  417,  464
2959,  3011,  1460,  1485
2297,  2326,  0,  46
2436,  2465,  0,  46
218,  287,  854,  870
1963,  2031,  51,  69
134,  157,  417,  465
358,  427,  52,  68
2864,  2905,  1510,  1533
413,  442,  417,  464
498,  551,  471,  491
134,  144,  813,  889
3496,  3524,  1228,  1252
145,  163,  813,  848
207,  218,  488,  565
3144,  3182,  1392,  1407
3069,  3107,  1426,  1441
3355,  3389,  1298,  1313
2795,  2821,  1553,  1571
3285,  3314,  1330,  1347
273,  283,  465,  508
2436,  2445,  47,  94
3219,  3248,  1362,  1377
3425,  3460,  1266,  1281
413,  422,  465,  511
1878,  1886,  47,  98
1315,  1355,  67,  78
2038,  2047,  0,  46
692,  699,  47,  102
3580,  3612,  1198,  1212
1006,  1016,  47,  88
134,  144,  466,  506
434,  442,  0,  46
2457,  2465,  109,  153
552,  558,  47,  109
2297,  2305,  47,  96
1446,  1453,  106,  153
134,  143,  47,  92
294,  303,  813,  848
433,  442,  813,  848
455,  462,  417,  468
1584,  1593,  113,  153
2315,  2325,  121,  153
303,  357,  871,  877
2178,  2185,  109,  153
2037,  2046,  116,  153
3012,  3044,  1460,  1470
3525,  3557,  1228,  1237
1024,  1034,  122,  153
153,  163,  535,  565
1175,  1229,  69,  75
443,  480,  485,  491
1897,  1906,  118,  153
552,  561,  536,  565
154,  162,  112,  147
435,  441,  103,  147
1166,  1172,  110,  153
303,  340,  485,  493
296,  302,  100,  147
712,  719,  113,  153
2959,  2982,  1486,  1498
316,  323,  813,  852
2906,  2925,  1510,  1524
2157,  2164,  69,  103
574,  580,  105,  147
585,  636,  148,  153
156,  162,  905,  949
273,  280,  871,  906
1145,  1151,  69,  110
433,  440,  531,  565
722,  768,  68,  73
413,  420,  69,  102
1564,  1571,  69,  103
273,  281,  69,  99
158,  163,  417,  464
1300,  1311,  137,  153
293,  300,  533,  565
413,  420,  878,  904
296,  300,  902,  949
1285,  1291,  76,  107
2018,  2024,  70,  105
1347,  1369,  47,  54
1202,  1229,  47,  53
583,  612,  65,  70
2822,  2837,  1553,  1564
2864,  2881,  1534,  1544
3315,  3330,  1330,  1340
316,  320,  0,  49
3144,  3165,  1408,  1415
2070,  2101,  47,  52
195,  217,  47,  54
1486,  1508,  47,  54
1425,  1428,  79,  120
1067,  1090,  47,  54
559,  568,  47,  61
436,  441,  900,  924
582,  584,  760,  812
700,  705,  47,  73
1908,  1938,  65,  69
3069,  3092,  1442,  1448
3108,  3121,  1426,  1435
1306,  1311,  108,  136
3183,  3196,  1392,  1401
2320,  2325,  97,  120
3249,  3262,  1362,  1371
3390,  3405,  1298,  1306
176,  179,  813,  852
3461,  3475,  1266,  1274
3425,  3440,  1282,  1290
134,  139,  890,  913
1031,  1034,  88,  121
1356,  1369,  69,  78
2187,  2217,  65,  69
134,  139,  507,  530
1887,  1891,  47,  74
159,  163,  506,  534
3653,  3669,  1179,  1186
291,  295,  124,  147
1006,  1010,  89,  117
176,  178,  417,  468
273,  278,  509,  532
3355,  3374,  1314,  1320
2926,  2942,  1510,  1516
1160,  1165,  139,  153
443,  468,  64,  68
3525,  3539,  1238,  1245
3613,  3625,  1198,  1206
1036,  1061,  64,  68
2467,  2486,  63,  68
1455,  1474,  63,  68
2436,  2456,  148,  153
164,  189,  64,  68
623,  636,  51,  56
1564,  1583,  148,  153
290,  295,  931,  949
1901,  1906,  99,  117
1176,  1190,  62,  68
3012,  3024,  1471,  1479
2306,  2311,  47,  67
304,  328,  64,  68
2048,  2067,  63,  68
2157,  2177,  148,  153
1475,  1490,  66,  68
473,  497,  853,  856
2297,  2314,  148,  153
1441,  1445,  130,  153
2327,  2352,  64,  68
2436,  2441,  95,  113
1595,  1619,  64,  68
692,  711,  148,  153
2041,  2046,  96,  115
443,  466,  866,  870
1589,  1593,  89,  112
134,  138,  93,  116
753,  776,  51,  54
734,  735,  0,  49
2446,  2450,  47,  70
304,  321,  865,  870
423,  428,  465,  482
3580,  3594,  1213,  1220
559,  564,  62,  80
336,  357,  469,  473
1006,  1023,  148,  153
2018,  2036,  148,  153
413,  416,  512,  540
3219,  3233,  1378,  1384
144,  147,  47,  72
2223,  2241,  51,  55
2511,  2520,  51,  57
165,  182,  865,  870
341,  357,  488,  493
3496,  3508,  1253,  1259
3285,  3297,  1348,  1355
284,  288,  465,  484
1145,  1159,  148,  153
152,  155,  924,  949
1878,  1882,  99,  117
723,  736,  62,  67
483,  497,  51,  56
1944,  1962,  51,  55
273,  278,  100,  114
2297,  2300,  97,  120
569,  573,  129,  147
430,  434,  127,  147
1429,  1432,  79,  100
206,  218,  470,  475
158,  162,  92,  111
2983,  3000,  1486,  1490
2363,  2380,  51,  55
2838,  2852,  1553,  1557
1630,  1648,  51,  55
1425,  1440,  148,  153
1449,  1453,  91,  105
1152,  1157,  69,  81
2461,  2465,  90,  108
1017,  1020,  47,  68
273,  276,  907,  926
145,  148,  466,  486
145,  150,  849,  860
692,  696,  103,  117
165,  180,  481,  485
413,  417,  905,  919
1878,  1896,  148,  153
2088,  2101,  53,  56
437,  440,  512,  530
2453,  2456,  129,  147
1050,  1066,  47,  50
339,  357,  52,  55
2795,  2812,  1572,  1575
3558,  3565,  1228,  1233
1473,  1485,  47,  51
2174,  2177,  128,  147
1285,  1299,  148,  153
3331,  3343,  1330,  1334
1316,  1335,  63,  66
203,  217,  854,  858
2032,  2036,  140,  147
1564,  1567,  104,  122
716,  719,  93,  112
149,  153,  136,  147
413,  417,  103,  116
182,  194,  47,  51
2959,  2971,  1499,  1503
480,  497,  471,  474
342,  357,  855,  858
304,  315,  480,  484
2181,  2185,  94,  108
1333,  1346,  47,  51
281,  283,  871,  892
296,  300,  519,  532
2025,  2028,  70,  86
2157,  2159,  104,  127
1581,  1583,  128,  147
481,  497,  488,  491
1194,  1201,  47,  51
429,  432,  550,  565
3069,  3077,  1449,  1455
1572,  1575,  69,  84
3144,  3154,  1416,  1420
3045,  3052,  1460,  1466
444,  459,  481,  484
552,  555,  110,  124
2882,  2889,  1534,  1540
1191,  1206,  65,  68
289,  292,  552,  565
159,  162,  890,  904
2018,  2020,  106,  125
709,  711,  127,  147
1437,  1443,  47,  53
282,  285,  69,  80
1145,  1147,  111,  129
1162,  1165,  130,  138
298,  302,  90,  99
3122,  3132,  1426,  1430
3197,  3207,  1392,  1396
3263,  3275,  1362,  1365
1298,  1300,  47,  64
2906,  2916,  1525,  1528
2498,  2510,  51,  54
145,  147,  861,  875
421,  424,  69,  83
1169,  1172,  96,  109
2312,  2314,  47,  54
149,  152,  555,  565
1027,  1030,  108,  121
1292,  1295,  76,  88
1285,  1288,  108,  122
2068,  2083,  66,  68
3441,  3449,  1282,  1286
2165,  2168,  69,  84
1909,  1923,  62,  64
613,  623,  67,  70
2436,  2439,  114,  123
3626,  3636,  1198,  1201
576,  580,  96,  104
1904,  1906,  84,  98
1893,  1896,  137,  147
423,  425,  483,  496
3476,  3482,  1266,  1271
737,  747,  64,  67
769,  776,  69,  73
700,  703,  74,  83
322,  337,  868,  870
2890,  2892,  1534,  1539
1152,  1154,  82,  95
1220,  1229,  54,  57
273,  275,  533,  547
3406,  3416,  1298,  1301
1011,  1013,  89,  102
134,  136,  914,  928
3355,  3367,  1321,  1323
2983,  2989,  1491,  1495
559,  561,  81,  95
583,  597,  62,  64
438,  441,  88,  102
1308,  1311,  98,  107
2188,  2202,  62,  64
165,  173,  61,  63
3025,  3035,  1471,  1474
293,  295,  917,  930
288,  293,  47,  52
183,  197,  868,  870
438,  441,  890,  899
2487,  2496,  65,  68
148,  152,  47,  53
706,  709,  47,  55
2306,  2309,  68,  77
1437,  1440,  54,  62
2322,  2325,  87,  96
417,  419,  512,  525
273,  275,  115,  128
3166,  3173,  1408,  1411
1579,  1584,  47,  52
1892,  1897,  47,  52
1160,  1163,  47,  54
181,  191,  483,  485
2864,  2870,  1545,  1549
2044,  2046,  82,  95
3595,  3603,  1213,  1216
2172,  2177,  47,  52
3298,  3306,  1348,  1351
426,  428,  855,  866
134,  136,  531,  544
156,  158,  521,  534
2312,  2314,  136,  147
2061,  2069,  47,  50
329,  339,  66,  68
3509,  3515,  1253,  1256
429,  432,  465,  471
3390,  3396,  1307,  1310
2316,  2319,  116,  120
421,  423,  878,  890
289,  292,  465,  471
2160,  2162,  104,  113
316,  325,  482,  484
197,  205,  470,  473
3540,  3548,  1238,  1241
2451,  2456,  47,  52
1595,  1603,  61,  63
614,  622,  51,  54
3670,  3678,  1179,  1182
2926,  2934,  1517,  1520
151,  153,  126,  135
433,  435,  915,  924
474,  482,  51,  54
149,  152,  466,  472
1081,  1090,  55,  57
190,  199,  66,  68
1303,  1305,  123,  136
298,  300,  509,  518
3653,  3658,  1187,  1191
2218,  2228,  67,  69
2353,  2362,  66,  68
486,  497,  857,  859
413,  415,  117,  126
2034,  2036,  130,  139
1939,  1948,  67,  69
1591,  1593,  79,  88
1062,  1071,  66,  68
284,  286,  485,  494
3053,  3059,  1460,  1463
692,  694,  118,  126
2446,  2448,  71,  79
1020,  1023,  142,  147
3234,  3242,  1378,  1380
148,  151,  943,  949
578,  580,  86,  95
3078,  3083,  1449,  1452
3315,  3321,  1341,  1344
1360,  1369,  55,  57
1499,  1508,  55,  57
467,  476,  868,  870
298,  300,  893,  901
288,  290,  139,  147
304,  318,  62,  63
1433,  1435,  79,  86
2354,  2362,  51,  53
1586,  1588,  104,  112
413,  415,  920,  928
1021,  1024,  47,  53
140,  142,  890,  899
428,  430,  939,  949
3425,  3429,  1291,  1295
300,  302,  81,  89
2838,  2843,  1558,  1561
139,  141,  93,  101
767,  776,  55,  57
140,  141,  507,  520
469,  483,  67,  68
294,  295,  110,  123
1621,  1629,  51,  53
571,  573,  120,  128
3580,  3587,  1221,  1223
3249,  3255,  1372,  1374
3219,  3226,  1385,  1387
3375,  3380,  1314,  1317
2328,  2336,  61,  63
194,  202,  854,  856
350,  357,  474,  476
2464,  2465,  75,  89
134,  136,  117,  126
3525,  3532,  1246,  1248
328,  335,  469,  471
2301,  2303,  97,  106
1887,  1889,  75,  83
192,  196,  470,  472
279,  280,  509,  523
1451,  1453,  82,  90
148,  148,  861,  870
161,  162,  78,  91
2822,  2828,  1565,  1568
1895,  1896,  128,  136
1336,  1345,  65,  66
2943,  2945,  1510,  1515
444,  452,  61,  63
1878,  1880,  118,  127
3566,  3572,  1228,  1230
3093,  3101,  1442,  1444
1037,  1045,  61,  63
2032,  2033,  51,  62
1006,  1008,  118,  126
1620,  1629,  66,  68
2184,  2185,  80,  93
433,  434,  112,  126
3483,  3486,  1266,  1269
624,  636,  69,  70
288,  289,  854,  863
2171,  2173,  142,  147
282,  283,  81,  90
2214,  2222,  51,  53
177,  181,  47,  50
569,  571,  47,  53
160,  163,  501,  505
1468,  1472,  47,  50
1292,  1293,  89,  98
213,  217,  55,  58
3461,  3466,  1275,  1278
1301,  1305,  47,  51
2959,  2962,  1504,  1507
1285,  1286,  123,  132
1892,  1893,  53,  64
707,  708,  137,  147
2459,  2460,  100,  108
2297,  2298,  121,  130
3355,  3361,  1324,  1326
1189,  1193,  47,  50
3108,  3112,  1436,  1439
204,  212,  55,  56
444,  450,  863,  865
1444,  1445,  116,  129
1931,  1943,  51,  52
2497,  2507,  67,  68
1437,  1438,  63,  71
439,  440,  502,  511
552,  553,  125,  134
3595,  3596,  1217,  1219
2442,  2443,  95,  104
431,  432,  122,  126
460,  470,  483,  484
1329,  1332,  47,  50
440,  441,  78,  87
700,  701,  84,  93
3496,  3502,  1260,  1262
1429,  1431,  101,  105
2946,  2949,  1510,  1513
1572,  1573,  85,  93
1899,  1900,  108,  117
2232,  2241,  56,  57
1022,  1023,  132,  141
1577,  1580,  144,  147
3613,  3618,  1207,  1209
1643,  1648,  56,  58
3183,  3187,  1402,  1405
3285,  3290,  1356,  1358
154,  155,  914,  923
2165,  2166,  85,  94
3012,  3015,  1480,  1483
148,  150,  54,  58
288,  289,  941,  949
2175,  2177,  123,  127
3331,  3334,  1335,  1338
151,  153,  849,  854
413,  414,  541,  550
714,  715,  103,  112
426,  429,  144,  147
1171,  1172,  86,  95
1456,  1464,  61,  62
2467,  2476,  61,  62
161,  162,  880,  889
748,  752,  65,  67
288,  289,  53,  61
465,  473,  51,  52
2451,  2452,  138,  147
426,  427,  483,  487
2306,  2307,  78,  87
1957,  1962,  56,  58
430,  432,  545,  549
2436,  2438,  124,  128
284,  285,  871,  882
1017,  1018,  69,  78
2893,  2896,  1534,  1537
1883,  1884,  99,  108
330,  338,  52,  53
2021,  2022,  106,  115
565,  566,  62,  71
156,  157,  102,  111
151,  152,  545,  554
273,  274,  927,  935
2025,  2027,  87,  91
476,  479,  471,  473
1568,  1569,  104,  113
1207,  1211,  66,  68
2493,  2497,  51,  53
1063,  1066,  51,  53
353,  357,  56,  58
567,  568,  139,  147
439,  441,  886,  889
434,  436,  526,  530
145,  146,  487,  496
1148,  1149,  111,  119
464,  472,  853,  854
149,  151,  938,  942
2376,  2380,  56,  58
717,  719,  88,  92
3406,  3409,  1302,  1304
3133,  3136,  1426,  1428
706,  708,  56,  59
1029,  1030,  98,  107
2049,  2057,  61,  62
3450,  3453,  1282,  1284
1564,  1565,  123,  132
1160,  1161,  55,  61
2038,  2040,  111,  115
2324,  2325,  78,  86
1425,  1426,  121,  129
326,  330,  483,  484
338,  341,  855,  857
1310,  1311,  89,  97
3263,  3268,  1366,  1368
2318,  2319,  107,  115
1163,  1165,  125,  129
144,  145,  73,  82
215,  217,  859,  861
2455,  2456,  119,  128
1439,  1440,  140,  147
489,  497,  475,  476
1579,  1580,  53,  59
421,  422,  84,  92
2990,  2995,  1491,  1492
3144,  3149,  1421,  1422
273,  274,  548,  552
710,  711,  47,  52
423,  424,  497,  501
1316,  1319,  60,  62
277,  279,  907,  911
3197,  3202,  1397,  1398
1164,  1165,  47,  52
276,  277,  115,  119
291,  292,  543,  551
2451,  2452,  53,  60
745,  752,  51,  52
1604,  1609,  62,  63
2871,  2874,  1545,  1547
1211,  1219,  54,  55
2315,  2317,  47,  50
338,  342,  869,  870
2462,  2463,  85,  89
351,  357,  859,  860
580,  580,  76,  85
341,  346,  486,  487
609,  613,  51,  53
1949,  1954,  68,  69
3344,  3347,  1330,  1332
556,  557,  110,  114
428,  429,  136,  143
3025,  3028,  1475,  1477
162,  163,  492,  500
281,  282,  893,  897
2853,  2859,  1553,  1554
2084,  2087,  53,  55
1289,  1290,  108,  112
3626,  3631,  1202,  1203
2229,  2233,  68,  69
477,  481,  869,  870
1033,  1034,  79,  87
3659,  3662,  1187,  1189
165,  170,  479,  480
2169,  2170,  69,  74
428,  429,  52,  58
2972,  2975,  1499,  1501
3516,  3519,  1253,  1254
2084,  2088,  67,  68
3208,  3211,  1392,  1394
281,  282,  509,  513
287,  288,  561,  565
2179,  2180,  104,  108
444,  449,  479,  480
198,  202,  869,  870
3430,  3433,  1291,  1293
1072,  1076,  67,  68
305,  311,  863,  864
2436,  2437,  129,  133
165,  171,  863,  864
340,  344,  67,  68
301,  302,  76,  80
1491,  1495,  67,  68
1320,  1324,  61,  62
3122,  3125,  1431,  1433
453,  457,  62,  63
2182,  2183,  89,  93
1953,  1956,  56,  57
1021,  1022,  54,  59
1191,  1195,  63,  64
2963,  2967,  1504,  1505
1924,  1928,  63,  64
492,  497,  57,  58
3155,  3160,  1416,  1417
189,  193,  854,  855
1889,  1892,  146,  147
2025,  2026,  92,  96
2844,  2848,  1558,  1559
273,  274,  129,  133
2018,  2019,  126,  130
2157,  2158,  128,  132
2172,  2173,  53,  60
3174,  3176,  1408,  1410
294,  295,  528,  532
2349,  2353,  51,  52
3001,  3004,  1486,  1488
1006,  1007,  127,  131
2042,  2043,  92,  95
323,  327,  469,  470
2313,  2314,  131,  135
2029,  2030,  70,  76
183,  187,  866,  867
413,  414,  929,  933
598,  602,  63,  64
2068,  2072,  64,  65
1304,  1305,  118,  122
1902,  1903,  94,  98
418,  419,  103,  107
1587,  1588,  99,  103
333,  337,  855,  856
2813,  2815,  1572,  1574
2097,  2101,  57,  58
434,  435,  910,  914
1342,  1346,  52,  53
1630,  1634,  67,  68
1167,  1168,  105,  109
2203,  2207,  63,  64
559,  560,  96,  100
154,  155,  530,  534
469,  473,  65,  66
427,  428,  560,  565
157,  158,  516,  520
1579,  1580,  138,  143
200,  204,  67,  68
451,  455,  864,  865
1576,  1577,  69,  74
3467,  3471,  1275,  1276
420,  421,  512,  516
762,  766,  55,  56
440,  441,  881,  885
1212,  1216,  67,  68
137,  138,  914,  918
2935,  2938,  1517,  1518
294,  295,  912,  916
2018,  2020,  146,  147
417,  418,  526,  530
145,  146,  876,  880
192,  196,  484,  485
1046,  1050,  62,  63
3256,  3257,  1372,  1373
216,  218,  476,  478
413,  414,  127,  131
1025,  1026,  117,  121
3381,  3383,  1314,  1316
2045,  2046,  77,  81
2079,  2083,  53,  54
2363,  2367,  67,  68
1887,  1888,  84,  88
481,  485,  486,  487
3045,  3048,  1467,  1468
2160,  2161,  114,  118
134,  135,  929,  933
706,  707,  60,  64
436,  437,  98,  102
1297,  1299,  145,  147
3637,  3640,  1198,  1199
1152,  1153,  96,  100
1355,  1359,  55,  56
1905,  1906,  79,  83
1313,  1314,  74,  78
418,  419,  905,  909
697,  698,  103,  107
1475,  1479,  64,  65
1298,  1299,  65,  69
723,  726,  60,  61
2157,  2158,  144,  147
2337,  2341,  62,  63
2301,  2302,  107,  111
421,  422,  891,  895
1878,  1879,  128,  132
562,  563,  81,  85
605,  608,  51,  52
710,  711,  122,  126
433,  433,  849,  853
1025,  1026,  47,  51
322,  326,  866,  867
3084,  3088,  1449,  1450
1301,  1302,  132,  136
279,  280,  100,  104
3016,  3019,  1480,  1481
425,  426,  69,  73
1177,  1180,  60,  61
753,  757,  66,  67
1442,  1443,  125,  129
704,  706,  145,  147
148,  149,  59,  63
3525,  3528,  1249,  1250
3441,  3442,  1287,  1289
2241,  2241,  58,  61
174,  178,  62,  63
153,  154,  466,  469
147,  148,  144,  147
3646,  3649,  1194,  1195
134,  135,  545,  549
3580,  3581,  1224,  1226
1011,  1012,  103,  107
632,  636,  57,  58
305,  307,  60,  61
2897,  2900,  1534,  1535
348,  352,  56,  57
140,  141,  900,  904
3417,  3418,  1298,  1300
2188,  2191,  60,  61
1959,  1962,  68,  69
2906,  2909,  1529,  1531
1429,  1430,  106,  110
3276,  3279,  1362,  1363
3558,  3561,  1234,  1235
3166,  3169,  1412,  1413
3219,  3222,  1388,  1389
3588,  3590,  1221,  1222
3549,  3552,  1238,  1239
2210,  2213,  51,  52
1076,  1080,  55,  56
292,  293,  119,  123
692,  693,  127,  131
3487,  3491,  1266,  1267
1014,  1015,  89,  92
1058,  1062,  51,  52
2034,  2035,  51,  54
2310,  2311,  144,  147
294,  294,  47,  49
2976,  2978,  1499,  1500
774,  776,  58,  59
1894,  1895,  53,  55
3335,  3339,  1335,  1336
147,  148,  562,  565
277,  278,  912,  916
1216,  1219,  56,  56
139,  140,  102,  106
2507,  2510,  55,  56
2035,  2036,  126,  129
426,  427,  867,  870
2436,  2437,  144,  147
572,  573,  115,  119
1639,  1642,  56,  57
1903,  1903,  89,  93
2039,  2040,  106,  110
3188,  3189,  1402,  1404
149,  150,  473,  477
299,  300,  888,  892
211,  214,  859,  860
290,  292,  854,  855
276,  277,  533,  537
1018,  1019,  145,  147
435,  436,  521,  525
1495,  1498,  55,  56
2489,  2492,  51,  52
137,  138,  531,  535
3234,  3237,  1381,  1382
3670,  3671,  1183,  1185
2297,  2299,  146,  147
3298,  3301,  1352,  1353
708,  708,  132,  136
426,  427,  946,  949
188,  191,  470,  471
584,  587,  60,  61
2240,  2241,  67,  69
273,  274,  144,  147
1327,  1328,  47,  49
1145,  1146,  144,  147
3397,  3400,  1307,  1308
2926,  2929,  1521,  1522
299,  300,  504,  508
1647,  1648,  67,  68
1436,  1438,  146,  147
3533,  3535,  1246,  1247
1961,  1962,  59,  60
2466,  2466,  66,  68
3679,  3682,  1179,  1180
3315,  3317,  1345,  1346
472,  475,  471,  472
1617,  1620,  51,  52
3069,  3070,  1456,  1458
413,  414,  563,  565
2917,  2920,  1525,  1526
692,  693,  145,  147
552,  554,  145,  147
1433,  1434,  87,  91
2446,  2447,  80,  84
1228,  1229,  67,  68
3626,  3627,  1204,  1205
3285,  3286,  1359,  1360
191,  194,  52,  53
134,  136,  948,  949
2882,  2883,  1541,  1543
2176,  2177,  118,  122
153,  154,  47,  50
575,  575,  100,  104
216,  218,  486,  487
3597,  3598,  1217,  1218
284,  285,  495,  499
429,  430,  934,  938
1088,  1090,  58,  59
273,  275,  948,  949
2159,  2160,  146,  147
2029,  2031,  146,  147
1564,  1566,  146,  147
1482,  1485,  52,  53
3454,  3455,  1282,  1283
3566,  3568,  1231,  1232
3331,  3332,  1339,  1339
152,  153,  122,  125
718,  719,  84,  87
1940,  1943,  53,  54
494,  497,  482,  484
345,  349,  474,  475
1582,  1583,  123,  127
1164,  1165,  120,  124
3390,  3391,  1311,  1312
3540,  3543,  1242,  1243
3307,  3310,  1348,  1349
3348,  3350,  1330,  1331
424,  425,  878,  880
3093,  3096,  1445,  1446
1145,  1146,  130,  134
291,  292,  927,  930
1367,  1369,  58,  59
2168,  2170,  146,  147
286,  287,  145,  147
1301,  1302,  52,  55
157,  158,  900,  904
1165,  1165,  115,  119
2372,  2375,  56,  57
3137,  3138,  1426,  1427
2910,  2911,  1529,  1530
3036,  3039,  1471,  1472
3005,  3006,  1486,  1487
429,  430,  855,  857
482,  485,  857,  858
3362,  3363,  1324,  1325
3212,  3213,  1392,  1393
2487,  2491,  64,  64
3340,  3341,  1335,  1335
1447,  1448,  101,  105
2829,  2830,  1565,  1567
2033,  2033,  135,  139
3604,  3605,  1213,  1215
3461,  3462,  1279,  1280
431,  432,  541,  544
142,  143,  507,  510
134,  135,  564,  565
2205,  2209,  51,  51
1006,  1008,  146,  147
1444,  1446,  47,  48
2983,  2984,  1496,  1497
3434,  3435,  1291,  1292
3368,  3369,  1321,  1322
1228,  1229,  58,  59
3113,  3114,  1436,  1438
495,  497,  486,  487
3053,  3055,  1464,  1465
2838,  2839,  1562,  1563
1028,  1028,  103,  107
1299,  1299,  142,  144
1898,  1899,  47,  48
3102,  3103,  1442,  1443
496,  497,  59,  60
2950,  2953,  1510,  1511
143,  143,  890,  894
3322,  3325,  1341,  1342
3263,  3264,  1369,  1370
433,  434,  465,  467
3115,  3116,  1436,  1437
289,  290,  134,  138
3355,  3356,  1327,  1328
1155,  1156,  82,  85
565,  566,  145,  147
1048,  1049,  47,  49
1296,  1297,  76,  78
1909,  1912,  60,  61
3249,  3251,  1375,  1376
1285,  1286,  145,  147
286,  287,  947,  949
413,  414,  145,  147
3029,  3030,  1475,  1476
496,  497,  860,  862
1158,  1159,  145,  147
1575,  1576,  146,  147
3672,  3673,  1183,  1184
3060,  3061,  1460,  1462
1452,  1453,  77,  81
273,  273,  142,  143
3509,  3510,  1257,  1258
159,  160,  88,  91
286,  287,  871,  873
2339,  2339,  0,  867
273,  275,  564,  565
775,  776,  67,  68
2060,  2060,  47,  49
2518,  2520,  58,  59
424,  425,  146,  147
286,  287,  69,  70
2816,  2817,  1572,  1573
710,  710,  53,  53
3071,  3072,  1456,  1457
1158,  1159,  69,  71
2445,  2450,  147,  147
2864,  2865,  1550,  1551
2875,  2876,  1545,  1546
293,  294,  465,  467
1030,  1030,  93,  97
3375,  3376,  1318,  1319
289,  290,  472,  475
1878,  1879,  145,  147
704,  704,  74,  78
3443,  3444,  1287,  1288
356,  357,  861,  862
148,  148,  141,  143
142,  142,  511,  515
2990,  2991,  1493,  1494
3177,  3178,  1408,  1409
1325,  1330,  62,  62
3599,  3601,  1217,  1217
1089,  1090,  67,  68
3036,  3037,  1473,  1473
134,  135,  127,  130
2453,  2454,  53,  54
1425,  1427,  146,  147
2479,  2479,  0,  49
439,  439,  83,  87
3503,  3504,  1260,  1261
3126,  3127,  1431,  1432
3078,  3079,  1453,  1454
275,  276,  146,  147
1453,  1453,  72,  76
134,  135,  145,  147
145,  146,  146,  147
3238,  3240,  1381,  1381
2239,  2240,  58,  59
595,  595,  0,  49
2831,  2834,  1565,  1565
3227,  3229,  1385,  1386
3214,  3215,  1392,  1392
2884,  2885,  1541,  1542
2996,  2997,  1491,  1491
146,  147,  948,  949
2442,  2442,  105,  109
1508,  1508,  66,  68
1949,  1952,  56,  56
1612,  1616,  51,  51
3155,  3156,  1418,  1419
2173,  2173,  133,  141
1592,  1593,  75,  78
3197,  3198,  1399,  1400
356,  357,  67,  68
302,  302,  71,  75
494,  495,  860,  861
2018,  2018,  131,  135
421,  421,  93,  97
1147,  1148,  146,  147
1896,  1896,  123,  127
2458,  2458,  104,  108
295,  295,  105,  109
2438,  2439,  146,  147
3269,  3270,  1366,  1367
3291,  3295,  1356,  1356
415,  417,  147,  147
2312,  2313,  55,  57
1593,  1593,  70,  121
297,  297,  95,  99
2449,  2450,  145,  146
218,  218,  483,  485
413,  414,  947,  949
1196,  1200,  64,  64
294,  295,  849,  850
1878,  1878,  133,  137
2174,  2175,  53,  53
497,  497,  64,  1279
355,  357,  870,  870
3144,  3145,  1423,  1424
2177,  2177,  114,  117
1014,  1014,  93,  97
2444,  2444,  95,  99
1296,  1296,  146,  147
3496,  3497,  1263,  1264
2036,  2037,  51,  52
356,  357,  486,  487
3687,  3687,  1103,  1177
3062,  3063,  1460,  1461
285,  286,  564,  565
425,  426,  564,  565
1890,  1890,  75,  79
2853,  2854,  1555,  1556
603,  607,  64,  64
418,  418,  910,  914
1181,  1185,  61,  61
2315,  2316,  51,  52
479,  482,  55,  55
347,  351,  487,  487
416,  416,  117,  121
3613,  3614,  1210,  1211
3302,  3303,  1352,  1352
3553,  3554,  1238,  1238
1607,  1607,  0,  49
1314,  1314,  69,  73
1090,  1090,  60,  62
2457,  2458,  47,  47
564,  564,  146,  147
2046,  2046,  72,  76
2450,  2450,  143,  144
572,  573,  47,  49
1434,  1435,  147,  147
286,  286,  71,  75
356,  357,  477,  478
319,  322,  469,  469
2058,  2062,  62,  62
3410,  3411,  1302,  1303
740,  744,  51,  51
3243,  3244,  1378,  1379
1305,  1305,  113,  117
1158,  1158,  72,  76
3619,  3620,  1207,  1208
471,  475,  484,  484
3203,  3204,  1397,  1397
1292,  1292,  99,  103
3606,  3607,  1213,  1214
1921,  1921,  0,  49
694,  2318,  47,  48
3582,  3583,  1224,  1225
2308,  2309,  146,  147
413,  413,  934,  938
459,  463,  853,  853
188,  192,  867,  867
1880,  1880,  146,  147
1496,  1500,  68,  68
1891,  1892,  144,  145
1021,  1021,  137,  141
154,  155,  849,  850
1145,  1145,  141,  143
2516,  2517,  58,  58
423,  424,  565,  565
3117,  3118,  1436,  1436
2979,  2980,  1499,  1499
1296,  1296,  79,  83
636,  636,  59,  61
308,  313,  61,  61
290,  291,  53,  54
727,  731,  61,  61
1883,  1883,  109,  113
163,  163,  487,  491
155,  155,  526,  529
2897,  2898,  1536,  1569
415,  415,  541,  545
3419,  3422,  1298,  1298
3190,  3191,  1402,  1403
2172,  2172,  138,  141
1011,  1011,  108,  112
1017,  1017,  79,  83
285,  285,  146,  147
1900,  1900,  104,  107
2308,  2308,  78,  82
1935,  1939,  53,  53
2031,  2031,  70,  72
1913,  1917,  61,  61
148,  148,  64,  68
3476,  3477,  1272,  1273
455,  455,  0,  49
496,  496,  869,  870
331,  335,  484,  484
285,  285,  948,  949
143,  144,  147,  147
1477,  1481,  52,  52
3516,  3517,  1255,  1255
1225,  1227,  58,  58
562,  562,  86,  90
456,  461,  865,  865
429,  430,  472,  473
1564,  1564,  133,  137
2183,  2183,  85,  88
1429,  1429,  111,  115
712,  712,  49,  51
137,  137,  949,  949
287,  287,  143,  144
2021,  2021,  116,  120
2234,  2239,  69,  69
2358,  2362,  54,  54
706,  706,  142,  144
1588,  1588,  94,  98
287,  287,  485,  489
149,  149,  478,  481
3467,  3469,  1277,  1277
2520,  2520,  66,  68
1152,  1152,  101,  105
2200,  2200,  0,  46
3663,  3664,  1187,  1188
435,  435,  905,  909
2030,  2031,  145,  145
2089,  2093,  68,  68
635,  636,  67,  68
1443,  1443,  120,  124
1155,  1155,  86,  90
335,  338,  54,  54
3683,  3684,  1179,  1471
148,  148,  560,  561
137,  137,  919,  923
329,  333,  65,  65
2822,  2823,  1569,  1570
1887,  1887,  89,  93
2866,  2867,  1550,  1550
218,  218,  479,  481
290,  290,  55,  56
2440,  2440,  114,  118
2436,  2436,  134,  138
164,  164,  866,  870
203,  207,  870,  870
197,  201,  485,  485
2101,  2101,  59,  60
3128,  3129,  1431,  1431
286,  286,  874,  877
302,  302,  490,  493
2893,  2894,  1538,  1538
1054,  1057,  51,  51
140,  140,  521,  525
702,  702,  84,  926
3384,  3385,  1314,  1315
427,  427,  944,  945
1023,  1023,  127,  131
2368,  2372,  68,  68
618,  622,  55,  55
428,  428,  59,  63
416,  416,  920,  924
201,  205,  474,  474
1439,  1439,  63,  66
151,  151,  929,  937
1626,  1629,  54,  54
288,  288,  864,  868
3650,  3651,  1194,  1194
207,  211,  487,  487
144,  144,  83,  87
413,  413,  132,  136
276,  276,  565,  565
282,  282,  91,  94
150,  150,  131,  135
1006,  1007,  145,  145
3265,  3266,  1369,  1369
1368,  1369,  67,  68
1455,  1455,  62,  62
3641,  3642,  1198,  1198
3364,  3365,  1324,  1324
1425,  1426,  145,  145
279,  279,  105,  109
3219,  3220,  1390,  1390
1898,  1898,  113,  117
588,  592,  61,  61
2043,  2043,  87,  91
450,  454,  480,  480
425,  425,  74,  78
134,  134,  131,  135
2319,  2319,  102,  106
2185,  2185,  75,  79
355,  357,  477,  477
2029,  2029,  77,  81
1303,  1304,  52,  52
3425,  3427,  1296,  1296
430,  431,  52,  53
2460,  2460,  95,  99
158,  158,  895,  899
1507,  1508,  58,  59
1590,  1590,  84,  124
434,  434,  107,  111
1289,  1289,  113,  117
1369,  1369,  65,  66
134,  134,  946,  947
579,  579,  81,  85
468,  472,  855,  855
2877,  2878,  1545,  1545
1168,  2040,  101,  105
3377,  3378,  1318,  1318
1336,  1340,  64,  64
3646,  3647,  1196,  1196
1939,  1943,  66,  66
3357,  3358,  1327,  1327
184,  187,  470,  470
565,  565,  72,  75
1892,  1892,  65,  69
493,  494,  487,  487
432,  432,  536,  540
1491,  1494,  55,  55
273,  273,  944,  947
145,  145,  497,  501
1301,  1301,  56,  59
2452,  2452,  133,  137
1444,  1445,  49,  49
3049,  3050,  1467,  1467
347,  350,  859,  859
415,  416,  565,  565
568,  568,  134,  138
555,  555,  146,  147
275,  275,  927,  931
1440,  1440,  135,  139
3093,  3094,  1447,  1447
3505,  3506,  1260,  1260
749,  752,  53,  53
281,  281,  514,  518
134,  134,  143,  144
775,  776,  60,  60
149,  149,  861,  865
1448,  1448,  96,  100
3108,  3110,  1440,  1440
2032,  2032,  63,  67
418,  418,  108,  112
1089,  1089,  60,  60
181,  185,  482,  482
2328,  2331,  60,  60
574,  575,  47,  47
430,  430,  929,  933
343,  347,  870,  870
737,  742,  63,  63
562,  563,  147,  147
415,  415,  948,  949
3335,  3336,  1337,  1337
2457,  2457,  48,  49
134,  134,  550,  554
431,  431,  855,  856
3544,  3546,  1242,  1242
345,  349,  68,  68
1302,  1302,  127,  131
429,  429,  132,  135
2100,  2101,  66,  68
417,  417,  531,  535
2073,  2078,  65,  65
423,  423,  84,  87
3478,  3480,  1272,  1272
2323,  2323,  82,  86
3245,  3246,  1378,  1378
3351,  3352,  1330,  1330
2520,  2520,  60,  61
567,  567,  62,  66
273,  273,  553,  557
1037,  1040,  60,  60
1006,  1006,  132,  136
1465,  1469,  62,  62
719,  719,  79,  83
441,  442,  849,  849
295,  295,  907,  911
776,  776,  65,  66
2036,  2036,  121,  125
3591,  3592,  1221,  1221
2345,  2348,  51,  51
1580,  1580,  133,  137
1198,  1201,  52,  52
3549,  3550,  1240,  1240
552,  553,  144,  144
1504,  1506,  58,  58
1583,  1583,  118,  122
153,  153,  919,  923
1454,  1454,  67,  68
185,  188,  854,  854
303,  303,  66,  68
2161,  2161,  147,  147
147,  147,  487,  491
2314,  2314,  126,  130
434,  435,  47,  47
292,  292,  922,  926
427,  427,  141,  143
1019,  1019,  69,  73
139,  139,  107,  111
317,  320,  50,  50
2180,  2180,  99,  103
635,  635,  59,  59
3401,  3402,  1307,  1307
721,  721,  69,  73
297,  297,  897,  901
160,  160,  885,  889
312,  316,  864,  864
444,  447,  60,  60
1594,  1594,  65,  68
495,  495,  870,  870
1298,  1298,  70,  74
1150,  1150,  111,  114
3150,  3151,  1421,  1421
496,  496,  477,  478
695,  695,  118,  122
554,  554,  125,  129
2066,  2069,  51,  51
431,  432,  924,  924
627,  631,  57,  57
3436,  3438,  1291,  1291
2477,  2481,  62,  62
3397,  3398,  1309,  1309
277,  278,  147,  147
1077,  1082,  68,  68
2306,  2307,  147,  147
2818,  2819,  1572,  1572
1026,  1026,  113,  116
3573,  3574,  1228,  1229
1578,  1578,  142,  143
3483,  3484,  1270,  1270
2446,  2446,  85,  89
344,  347,  56,  56
327,  331,  867,  867
3472,  3473,  1275,  1275
1172,  1172,  81,  85
572,  572,  50,  52
1567,  1568,  147,  147
1568,  1568,  114,  117
2321,  2321,  92,  96
1437,  1437,  72,  76
420,  420,  517,  520
3056,  3057,  1464,  1464
458,  462,  469,  469
357,  357,  479,  479
295,  295,  523,  527
2312,  2312,  58,  62
470,  473,  53,  53
425,  425,  948,  949
1896,  1896,  53,  53
289,  289,  936,  940
1566,  1566,  123,  127
2239,  2239,  68,  68
284,  284,  81,  85
1364,  1366,  58,  58
297,  297,  514,  518
1437,  1438,  145,  145
624,  628,  68,  481
1441,  1441,  54,  57
3208,  3209,  1395,  1395
305,  309,  479,  479
697,  697,  108,  112
443,  443,  482,  484
329,  332,  855,  855
300,  300,  499,  503
146,  146,  73,  77
3139,  3140,  1426,  1426
1436,  1436,  79,  81
758,  761,  55,  55
1285,  1285,  133,  136
2871,  2872,  1548,  1548
432,  432,  919,  923
136,  137,  565,  565
438,  438,  507,  511
1315,  1315,  65,  66
1906,  1906,  74,  78
2380,  2380,  59,  60
758,  762,  67,  67
2456,  2456,  114,  118
3498,  3499,  1263,  1263
2306,  2306,  88,  91
1161,  1161,  135,  138
2508,  2512,  68,  68
3628,  3629,  1204,  1204
276,  276,  120,  123
2192,  2196,  61,  61
1579,  1579,  60,  64
556,  556,  115,  119
2860,  2861,  1553,  1553
2926,  2927,  1523,  1523
2901,  2903,  1534,  1534
2342,  2346,  63,  63
1578,  1578,  69,  69
134,  134,  934,  938
2218,  2222,  66,  66
435,  436,  465,  465
2380,  2380,  66,  68
1175,  1175,  67,  68
577,  577,  91,  95
2440,  2441,  147,  147
1620,  1624,  65,  65
186,  190,  52,  52
460,  464,  482,  482
1309,  1309,  94,  97
497,  497,  61,  62
2353,  2357,  65,  65
1570,  1570,  106,  108
1433,  1433,  92,  95
290,  290,  548,  551
437,  437,  895,  899
1148,  1148,  120,  124
284,  284,  500,  503
171,  175,  480,  480
552,  552,  135,  138
145,  145,  881,  884
1573,  1574,  147,  147
2468,  2470,  60,  60
1009,  1009,  118,  121
140,  140,  905,  909
1885,  1885,  99,  100
2219,  2222,  54,  54
165,  168,  60,  60
290,  291,  856,  856
3183,  3184,  1406,  1406
2855,  2856,  1555,  1555
179,  183,  63,  63
165,  166,  862,  862
2169,  2169,  75,  79
150,  150,  550,  554
1017,  1017,  146,  147
205,  209,  68,  68
1564,  1564,  143,  145
1207,  1210,  54,  54
429,  429,  858,  861
692,  692,  132,  136
1574,  1574,  85,  88
437,  437,  93,  97
1929,  1933,  64,  64
613,  618,  66,  66
1174,  1174,  72,  75
1506,  1507,  68,  68
477,  481,  857,  857
1294,  1294,  89,  93
467,  471,  867,  867
134,  134,  562,  563
1480,  1485,  65,  65
162,  163,  849,  849
440,  440,  497,  501
2018,  2018,  144,  145
354,  355,  487,  487
1160,  1160,  62,  66
413,  413,  551,  554
773,  774,  68,  68
429,  429,  474,  477
293,  293,  114,  118
2075,  2078,  53,  53
319,  323,  63,  63
491,  493,  860,  860
432,  432,  52,  52
3450,  3451,  1285,  1285
494,  495,  477,  857
2167,  2167,  85,  89
3322,  3323,  1343,  1343
3562,  3563,  1234,  1234
566,  566,  143,  144
2465,  2465,  70,  74
1346,  1350,  66,  66
151,  151,  855,  857
2165,  2165,  95,  98
162,  162,  875,  879
1356,  1361,  68,  68
209,  212,  57,  57
425,  425,  145,  145
155,  155,  107,  111
190,  194,  65,  65
277,  277,  917,  921
474,  478,  66,  66
2451,  2451,  61,  65
1456,  1459,  60,  60
155,  155,  47,  48
3161,  3162,  1416,  1416
2228,  2231,  56,  56
1034,  1034,  74,  78
2946,  2947,  1514,  1514
2297,  2297,  131,  135
3326,  3328,  1341,  1341
2160,  2160,  119,  123
288,  288,  557,  560
570,  570,  125,  128
1287,  1287,  146,  147
1647,  1648,  59,  60
634,  634,  68,  68
2950,  2951,  1512,  1512
2310,  2310,  68,  72
295,  297,  465,  465
284,  284,  883,  887
2047,  2047,  67,  68
2325,  2325,  73,  77
1635,  1640,  68,  68
1898,  1898,  49,  51
3344,  3345,  1333,  1333
2237,  2238,  58,  58
2023,  2023,  106,  110
161,  163,  465,  465
292,  292,  538,  542
715,  715,  98,  102
276,  276,  538,  542
281,  281,  898,  902
428,  428,  555,  559
157,  1572,  94,  98
2497,  2501,  66,  66
3122,  3123,  1434,  1434
424,  424,  881,  885
160,  160,  83,  87
2093,  2096,  57,  57
2849,  2850,  1558,  1558
198,  202,  857,  857
1164,  1164,  53,  53
413,  413,  562,  562
162,  162,  73,  77
3157,  3158,  1418,  1418
1366,  1367,  68,  68
151,  151,  54,  55
288,  288,  62,  65
137,  137,  536,  539
3487,  3488,  1268,  1268
326,  329,  52,  52
3031,  3033,  1475,  1475
2304,  2304,  97,  101
2449,  2449,  71,  75
496,  496,  67,  68
1445,  1445,  111,  115
3665,  3667,  1187,  1187
1019,  1019,  144,  144
176,  176,  47,  49
1006,  1006,  143,  144
293,  293,  468,  470
282,  284,  147,  147
164,  164,  63,  63
573,  573,  110,  114
2241,  2241,  65,  66
2019,  2019,  145,  145
217,  217,  869,  870
341,  344,  474,  474
3298,  3299,  1354,  1354
1155,  1157,  147,  147
3097,  3099,  1445,  1445
2935,  2936,  1519,  1519
2166,  2167,  147,  147
210,  215,  476,  476
137,  137,  117,  121
151,  151,  473,  473
434,  434,  849,  850
273,  273,  134,  138
3258,  3259,  1372,  1372
3084,  3085,  1451,  1451
153,  153,  117,  121
357,  357,  59,  61
152,  152,  540,  544
200,  203,  55,  55
279,  279,  524,  528
486,  490,  487,  487
2317,  2317,  111,  115
164,  164,  482,  485
2172,  2172,  61,  65
3520,  3521,  1253,  1253
1085,  1087,  58,  58
2157,  2157,  142,  143
482,  487,  870,  870
295,  295,  466,  466
1635,  1638,  56,  56
2912,  2914,  1529,  1529
711,  711,  118,  121
1023,  1023,  54,  55
413,  413,  946,  946
207,  210,  859,  859
3492,  3493,  1266,  1266
2163,  2163,  104,  108
2171,  2171,  69,  69
291,  291,  472,  472
3170,  3171,  1412,  1412
357,  357,  868,  869
290,  290,  857,  858
3318,  3319,  1345,  1345
1217,  1221,  68,  68
2963,  2964,  1506,  1506
295,  296,  47,  47
1294,  1295,  147,  147
3575,  3576,  1228,  1228
3080,  3081,  1453,  1453
1351,  1354,  55,  55
172,  176,  864,  864
713,  713,  108,  112
569,  569,  54,  56
2099,  2099,  68,  68
2453,  2453,  55,  56
3064,  3066,  1460,  1460
432,  432,  117,  121
1369,  1369,  60,  62
458,  463,  63,  63
2027,  2028,  147,  147
2484,  2488,  51,  51
2921,  2922,  1525,  1525
426,  426,  871,  875
1610,  1614,  63,  63
1881,  1881,  118,  122
2367,  2371,  56,  56
1894,  1894,  56,  59
3406,  3407,  1305,  1305
1955,  1958,  69,  69
3632,  3634,  1202,  1202
2301,  2301,  112,  116
273,  273,  936,  940
2208,  2212,  64,  64
2917,  2918,  1527,  1527
430,  430,  54,  55
2454,  2454,  124,  128
3659,  3660,  1190,  1190
722,  722,  64,  67
1581,  1581,  53,  55
3230,  3231,  1385,  1385
1021,  1021,  60,  63
299,  299,  85,  89
706,  706,  65,  68
601,  604,  51,  51
3456,  3458,  1282,  1282
3463,  3464,  1279,  1279
1170,  1170,  91,  93
3653,  3656,  1192,  1192
485,  488,  475,  475
1428,  1429,  147,  147
1368,  1368,  60,  60
2378,  2379,  68,  68
3558,  3559,  1236,  1236
2968,  2969,  1504,  1504
1287,  1287,  123,  127
461,  464,  51,  51
217,  217,  67,  68
2972,  2973,  1502,  1502
776,  776,  61,  62
142,  142,  93,  97
1015,  1016,  147,  147
1145,  1145,  135,  139
2100,  2100,  59,  59
1425,  1425,  144,  144
1467,  1467,  49,  49
3045,  3046,  1469,  1469
2824,  2826,  1569,  1569
161,  161,  497,  500
3073,  3074,  1456,  1456
426,  426,  488,  491
2502,  2506,  55,  55
2036,  2036,  53,  53
1648,  1648,  65,  66
156,  157,  849,  849
1072,  1075,  55,  55
692,  692,  143,  144
433,  433,  468,  469
1087,  1088,  68,  68
703,  703,  146,  147
305,  306,  862,  862
1438,  1438,  143,  144
1032,  1032,  83,  87
1892,  1892,  142,  143
3025,  3026,  1478,  1478
286,  286,  563,  563
1159,  1159,  143,  144
2031,  2031,  144,  144
3133,  3134,  1429,  1429
1881,  1882,  147,  147
158,  158,  511,  515
3615,  3616,  1210,  1210
488,  491,  57,  57
155,  155,  909,  913
1576,  1576,  75,  79
1425,  1425,  130,  134
556,  557,  147,  147
156,  156,  47,  47
3199,  3200,  1399,  1399
2297,  2298,  145,  145
287,  287,  945,  946
302,  302,  873,  877
3089,  3090,  1449,  1449
302,  303,  849,  849
2157,  2157,  133,  137
2954,  2956,  1510,  1510
2174,  2174,  54,  55
1585,  1585,  109,  112
1960,  1960,  59,  59
3020,  3022,  1480,  1480
3104,  3105,  1442,  1442
559,  559,  101,  104
3166,  3167,  1414,  1414
1962,  1962,  61,  61
436,  436,  516,  520
146,  146,  145,  145
1878,  1878,  143,  144
1298,  1298,  144,  144
423,  423,  502,  506
3584,  3585,  1224,  1224
3511,  3513,  1257,  1257
3536,  3537,  1246,  1246
570,  570,  54,  54
3679,  3680,  1181,  1181
1166,  1166,  49,  49
355,  356,  59,  59
484,  488,  68,  68
3234,  3235,  1383,  1383
3001,  3002,  1489,  1489
1051,  1056,  63,  63
3540,  3541,  1244,  1244
1926,  1930,  51,  51
494,  495,  68,  68
3445,  3447,  1287,  1287
2939,  2940,  1517,  1517
292,  292,  53,  53
2240,  2240,  60,  60
3307,  3308,  1350,  1350
440,  442,  465,  465
1062,  1066,  65,  65
215,  216,  68,  68
3276,  3277,  1364,  1364
2519,  2519,  67,  68
2463,  2463,  80,  84
3252,  3253,  1375,  1375
552,  552,  141,  143
694,  694,  146,  147
1229,  1229,  66,  66
771,  773,  58,  58
1595,  1598,  60,  60
2840,  2841,  1562,  1562
442,  442,  487,  491
1450,  1450,  87,  90
290,  290,  129,  133
316,  320,  481,  481
421,  421,  896,  899
1962,  1962,  65,  67
332,  335,  472,  472
157,  157,  99,  101
695,  696,  147,  147
1285,  1285,  143,  144
3525,  3526,  1251,  1251
155,  155,  466,  466
3370,  3372,  1321,  1321
2436,  2436,  142,  143
423,  424,  949,  949
2034,  2034,  55,  57
3621,  3623,  1207,  1207
2200,  2200,  49,  49
217,  217,  59,  60
2021,  2022,  147,  147
3016,  3017,  1482,  1482
1427,  1427,  121,  125
3291,  3292,  1357,  1357
303,  303,  868,  870
153,  153,  51,  52
214,  215,  487,  487
276,  277,  949,  949
441,  441,  876,  880
3287,  3288,  1359,  1359
2299,  2299,  121,  125
216,  216,  59,  59
3280,  3281,  1362,  1362
2309,  2309,  145,  145
3529,  3530,  1249,  1249
3012,  3013,  1484,  1484
3040,  3041,  1471,  1471
2448,  2448,  146,  146
701,  701,  147,  147
3223,  3224,  1388,  1388
357,  357,  484,  485
1090,  1090,  65,  66
1961,  1961,  67,  67
413,  413,  143,  144
441,  441,  74,  77
144,  146,  565,  565
2049,  2052,  60,  60
284,  284,  565,  565
294,  294,  851,  851
3637,  3638,  1200,  1200
136,  138,  147,  147
300,  300,  883,  887
3419,  3420,  1299,  1299
289,  289,  476,  479
2518,  2518,  68,  68
2959,  2960,  1508,  1508
1894,  1894,  133,  136
217,  217,  485,  485
2906,  2907,  1532,  1532
355,  355,  68,  68
1288,  1289,  147,  147
3412,  3413,  1302,  1302
1188,  1188,  49,  49
3674,  3675,  1183,  1183
1648,  1648,  61,  61
144,  145,  949,  949
1338,  1341,  52,  52
150,  150,  934,  937
301,  303,  465,  465
3392,  3394,  1311,  1311
147,  147,  946,  947
415,  415,  146,  146
1162,  1162,  55,  56
3653,  3653,  1193,  1193
1009,  1010,  147,  147
2025,  2025,  97,  100
1582,  1582,  53,  53
3608,  3609,  1213,  1213
153,  153,  470,  471
357,  357,  863,  863
3311,  3312,  1348,  1348
1565,  1565,  145,  145
1887,  1888,  147,  147
273,  273,  560,  563
3179,  3180,  1408,  1408
416,  416,  949,  949
1147,  1147,  145,  145
426,  426,  563,  563
274,  274,  563,  563
705,  705,  144,  144
431,  431,  472,  472
2311,  2311,  140,  143
152,  152,  855,  855
422,  423,  147,  147
2300,  2301,  147,  147
1311,  1311,  84,  88
2930,  2931,  1521,  1521
320,  323,  853,  853
2038,  2038,  49,  49
435,  436,  849,  849
355,  355,  861,  861
2985,  2986,  1496,  1496
1229,  1229,  60,  61
3007,  3008,  1486,  1486
2297,  2297,  144,  144
284,  284,  949,  949
3569,  3570,  1231,  1231
582,  582,  66,  70
217,  217,  479,  479
1307,  1307,  106,  107
444,  445,  862,  862
217,  217,  862,  862
3430,  3431,  1294,  1294
136,  136,  146,  146
154,  154,  851,  852
2844,  2845,  1560,  1560
1444,  1444,  50,  52
304,  304,  864,  864
1646,  1646,  68,  68
304,  304,  61,  61
3146,  3147,  1423,  1423
496,  496,  485,  485
495,  495,  59,  59
