157,  282,  43,  167
16,  93,  72,  150
283,  357,  78,  117
32,  51,  151,  240
386,  418,  72,  122
76,  110,  25,  71
190,  211,  168,  235
183,  257,  25,  42
136,  156,  78,  132
212,  258,  168,  185
419,  440,  85,  110
4,  15,  89,  132
36,  75,  59,  71
94,  105,  89,  133
112,  128,  270,  297
180,  199,  236,  257
283,  299,  118,  145
159,  184,  258,  274
129,  164,  275,  287
49,  64,  241,  266
84,  104,  7,  24
61,  102,  267,  277
79,  111,  278,  288
358,  385,  93,  104
111,  118,  24,  65
137,  156,  59,  77
126,  136,  51,  76
52,  74,  151,  162
26,  31,  179,  221
283,  294,  57,  77
142,  156,  133,  147
200,  239,  19,  24
175,  189,  168,  181
212,  236,  186,  192
65,  77,  254,  266
130,  158,  269,  274
385,  401,  123,  132
386,  398,  60,  71
129,  137,  288,  296
441,  455,  94,  102
168,  182,  34,  42
258,  271,  33,  42
39,  48,  241,  253
259,  267,  168,  180
212,  217,  193,  211
71,  75,  33,  56
95,  111,  289,  294
173,  179,  246,  257
283,  289,  146,  160
103,  111,  269,  277
133,  135,  90,  121
149,  156,  148,  158
200,  205,  236,  248
24,  35,  65,  71
138,  152,  288,  292
119,  126,  37,  50
120,  125,  51,  71
167,  174,  168,  176
52,  56,  225,  240
86,  100,  2,  6
75,  81,  151,  159
300,  304,  118,  132
106,  108,  97,  124
185,  192,  258,  266
165,  173,  275,  282
399,  407,  65,  71
419,  430,  111,  116
419,  428,  78,  84
94,  99,  78,  88
8,  15,  133,  140
94,  98,  134,  144
52,  57,  163,  173
295,  301,  70,  77
1,  3,  99,  123
78,  87,  261,  266
9,  15,  80,  88
268,  274,  168,  175
68,  78,  278,  282
402,  408,  123,  128
187,  189,  220,  235
150,  156,  51,  58
152,  158,  262,  268
22,  31,  151,  155
385,  392,  133,  137
283,  288,  49,  56
290,  295,  146,  152
237,  245,  186,  190
175,  182,  29,  33
212,  215,  212,  223
55,  60,  267,  272
190,  199,  22,  24
105,  110,  18,  24
65,  69,  247,  253
119,  123,  30,  36
44,  48,  254,  260
167,  172,  252,  257
49,  61,  56,  58
240,  247,  21,  24
182,  189,  182,  185
258,  265,  29,  32
441,  445,  88,  93
28,  31,  222,  229
441,  446,  103,  107
272,  277,  38,  42
24,  25,  192,  209
275,  278,  168,  172
300,  302,  133,  138
29,  31,  169,  178
162,  166,  168,  172
82,  87,  151,  155
145,  151,  265,  268
57,  60,  234,  240
161,  167,  39,  42
86,  94,  289,  291
137,  141,  54,  58
99,  103,  134,  137
387,  392,  56,  59
140,  141,  133,  143
174,  179,  275,  278
35,  38,  241,  246
295,  298,  64,  69
52,  54,  174,  181
145,  148,  148,  152
206,  208,  236,  242
408,  412,  68,  71
215,  225,  17,  18
152,  156,  159,  162
184,  186,  229,  235
429,  433,  81,  84
31,  35,  61,  64
58,  68,  163,  164
73,  78,  283,  285
13,  15,  141,  146
52,  54,  219,  224
419,  424,  117,  119
409,  412,  123,  126
456,  459,  97,  100
82,  83,  7,  16
94,  104,  72,  73
69,  70,  40,  49
100,  102,  83,  88
193,  196,  258,  261
88,  93,  264,  266
185,  188,  267,  270
78,  81,  257,  260
246,  248,  186,  189
21,  23,  67,  71
176,  179,  242,  245
138,  142,  293,  295
27,  31,  156,  158
12,  15,  76,  79
283,  286,  161,  164
200,  202,  249,  253
446,  450,  91,  93
111,  115,  21,  23
153,  157,  288,  290
431,  435,  111,  113
79,  83,  22,  24
419,  423,  75,  77
70,  73,  251,  253
212,  213,  224,  230
305,  306,  118,  125
90,  96,  0,  1
111,  115,  66,  68
6,  8,  85,  88
259,  262,  181,  183
104,  111,  295,  296
165,  168,  283,  285
163,  166,  255,  257
289,  292,  54,  56
154,  156,  47,  50
73,  75,  29,  32
43,  48,  57,  58
399,  402,  62,  64
62,  67,  57,  58
290,  292,  153,  156
134,  135,  85,  89
447,  450,  103,  105
30,  31,  230,  235
237,  241,  191,  191
58,  59,  165,  169
10,  12,  141,  143
248,  250,  22,  24
172,  174,  31,  33
170,  174,  177,  178
138,  139,  133,  138
148,  149,  54,  58
268,  270,  176,  178
249,  253,  186,  187
165,  167,  36,  38
94,  96,  145,  147
52,  53,  182,  185
119,  121,  27,  29
393,  397,  133,  134
65,  67,  244,  246
272,  275,  36,  37
99,  101,  138,  140
170,  172,  249,  251
283,  285,  46,  48
140,  144,  267,  268
41,  43,  254,  256
123,  125,  72,  74
72,  75,  57,  58
65,  67,  278,  280
52,  54,  267,  269
94,  95,  74,  77
182,  183,  232,  235
27,  28,  175,  178
143,  146,  293,  294
6,  7,  133,  136
134,  135,  122,  125
2,  3,  95,  98
179,  182,  27,  28
197,  199,  20,  21
295,  296,  60,  63
88,  91,  151,  152
27,  30,  63,  64
258,  261,  27,  28
52,  53,  215,  218
158,  160,  288,  289
188,  189,  216,  219
57,  58,  230,  233
393,  395,  58,  59
385,  388,  138,  139
178,  181,  182,  183
154,  156,  163,  164
434,  435,  82,  84
30,  31,  166,  168
20,  21,  151,  153
61,  63,  239,  240
156,  158,  260,  261
59,  60,  273,  275
19,  20,  69,  71
147,  148,  153,  155
413,  415,  70,  71
36,  303,  75,  77
94,  96,  265,  266
402,  403,  129,  131
106,  107,  94,  96
413,  415,  123,  124
83,  85,  5,  6
37,  38,  247,  249
296,  297,  146,  148
209,  210,  236,  238
47,  48,  261,  263
419,  421,  120,  121
187,  189,  186,  187
82,  84,  259,  260
178,  179,  239,  241
106,  107,  125,  127
174,  176,  279,  280
193,  194,  262,  264
278,  280,  41,  42
101,  102,  4,  6
160,  161,  168,  170
279,  281,  168,  169
185,  186,  226,  228
188,  189,  23,  24
82,  84,  156,  157
189,  190,  267,  268
39,  42,  58,  58
92,  94,  292,  293
159,  160,  41,  42
436,  437,  111,  112
155,  156,  45,  46
425,  426,  117,  118
104,  104,  134,  135
124,  125,  34,  36
266,  268,  31,  32
251,  252,  23,  24
7,  8,  83,  84
88,  89,  262,  263
150,  151,  263,  264
14,  15,  74,  75
419,  420,  73,  74
25,  26,  156,  157
2,  3,  124,  126
82,  83,  20,  21
431,  432,  114,  115
77,  78,  286,  287
103,  104,  87,  88
429,  430,  79,  80
100,  101,  81,  82
142,  143,  57,  58
14,  15,  147,  148
197,  198,  258,  259
169,  170,  283,  284
283,  284,  165,  166
84,  85,  289,  290
33,  34,  241,  242
289,  290,  52,  53
424,  425,  76,  77
111,  112,  19,  20
300,  301,  139,  140
165,  166,  173,  174
441,  442,  108,  109
111,  112,  69,  70
173,  174,  179,  180
0,  0,  105,  117
152,  153,  49,  50
180,  181,  275,  276
206,  207,  243,  244
387,  388,  54,  55
137,  138,  52,  53
75,  76,  160,  161
299,  300,  68,  69
460,  461,  98,  99
146,  147,  57,  58
203,  204,  249,  250
103,  103,  85,  86
70,  71,  249,  250
166,  166,  253,  254
3,  3,  92,  94
55,  56,  174,  175
153,  153,  163,  163
119,  185,  271,  273
189,  189,  212,  215
69,  71,  163,  163
3,  3,  127,  130
78,  79,  256,  256
119,  119,  51,  69
18,  395,  135,  268
100,  385,  112,  122
70,  72,  53,  53
58,  58,  273,  274
266,  266,  30,  130
206,  305,  126,  129
33,  35,  60,  60
416,  417,  123,  123
416,  417,  71,  71
97,  98,  1,  1
262,  422,  120,  120
303,  303,  133,  134
105,  107,  72,  72
122,  122,  72,  73
153,  155,  291,  291
164,  164,  37,  38
181,  182,  26,  26
15,  15,  149,  149
189,  404,  129,  130
226,  405,  50,  50
283,  283,  44,  45
122,  122,  28,  29
408,  408,  66,  67
129,  129,  270,  270
169,  171,  33,  33
72,  72,  31,  32
240,  243,  20,  20
106,  106,  91,  93
206,  214,  18,  18
105,  107,  17,  17
405,  406,  129,  129
116,  116,  66,  67
81,  83,  289,  289
54,  54,  270,  271
113,  113,  20,  20
109,  109,  103,  111
70,  72,  283,  283
132,  132,  97,  111
272,  273,  35,  35
451,  453,  93,  93
456,  457,  101,  101
8,  8,  82,  82
78,  78,  23,  24
158,  158,  42,  42
456,  456,  95,  96
100,  103,  295,  295
451,  453,  103,  103
60,  60,  276,  276
147,  147,  56,  56
438,  439,  111,  111
436,  436,  83,  84
295,  295,  59,  59
116,  117,  23,  23
112,  187,  24,  24
189,  189,  269,  269
5,  5,  133,  134
180,  403,  63,  64
53,  53,  270,  270
278,  278,  39,  40
135,  135,  126,  130
7,  7,  137,  138
153,  153,  48,  48
119,  119,  25,  26
129,  129,  274,  274
293,  293,  56,  56
17,  18,  71,  71
451,  451,  92,  92
447,  448,  106,  106
75,  76,  286,  286
258,  259,  26,  26
186,  186,  271,  272
117,  117,  66,  66
5,  5,  87,  88
171,  171,  32,  293
135,  135,  81,  84
166,  167,  35,  35
70,  70,  36,  39
103,  103,  5,  6
398,  399,  133,  133
63,  64,  278,  278
433,  433,  114,  114
193,  196,  21,  21
279,  279,  40,  40
70,  70,  50,  52
13,  13,  75,  75
299,  299,  66,  67
396,  397,  59,  59
89,  91,  292,  292
182,  182,  275,  275
64,  64,  279,  279
57,  57,  273,  273
85,  85,  3,  4
409,  410,  127,  127
11,  11,  77,  79
446,  446,  89,  90
120,  120,  26,  26
289,  289,  51,  51
160,  160,  40,  40
18,  18,  70,  70
447,  448,  90,  90
142,  142,  55,  56
291,  291,  53,  53
174,  174,  30,  30
262,  263,  28,  28
88,  89,  1,  1
177,  177,  279,  279
441,  441,  110,  110
180,  180,  277,  277
226,  234,  18,  18
75,  75,  27,  28
147,  149,  293,  293
281,  281,  42,  42
421,  421,  74,  74
399,  400,  61,  61
286,  287,  48,  48
419,  419,  122,  122
437,  438,  84,  84
389,  390,  55,  55
20,  20,  68,  68
26,  26,  64,  64
121,  121,  72,  72
177,  178,  28,  28
427,  428,  117,  117
101,  101,  3,  3
11,  12,  144,  144
272,  272,  34,  34
151,  151,  50,  50
124,  124,  32,  33
139,  140,  53,  53
100,  100,  80,  80
451,  451,  104,  104
9,  9,  141,  141
426,  426,  77,  77
276,  276,  37,  37
187,  187,  271,  271
404,  405,  64,  64
156,  156,  44,  44
23,  23,  66,  66
163,  163,  38,  38
29,  30,  62,  62
68,  70,  58,  58
284,  284,  45,  45
106,  106,  128,  130
457,  458,  96,  96
77,  77,  24,  24
413,  413,  69,  69
74,  74,  28,  28
81,  81,  21,  21
72,  72,  284,  284
431,  431,  80,  80
443,  444,  108,  108
302,  302,  73,  74
67,  67,  281,  281
441,  441,  86,  87
137,  137,  133,  134
409,  410,  67,  67
161,  162,  288,  288
165,  166,  286,  286
413,  413,  125,  125
253,  255,  24,  24
112,  112,  269,  269
442,  443,  87,  87
12,  12,  145,  145
460,  460,  97,  97
116,  116,  22,  22
149,  149,  53,  53
297,  297,  62,  62
15,  15,  73,  73
83,  83,  17,  18
286,  286,  47,  47
10,  10,  79,  79
113,  113,  69,  69
84,  84,  4,  4
174,  174,  281,  281
269,  269,  32,  32
393,  393,  57,  57
