632,  1126,  170,  671
64,  372,  287,  597
1127,  1427,  311,  468
130,  203,  598,  960
312,  470,  94,  261
1544,  1695,  303,  475
761,  848,  672,  926
735,  1024,  99,  169
576,  631,  241,  598
849,  1013,  672,  746
145,  311,  236,  286
20,  63,  349,  534
373,  415,  348,  536
1127,  1190,  469,  585
448,  513,  1080,  1186
543,  575,  317,  524
730,  797,  927,  1025
1696,  1767,  346,  435
186,  254,  961,  1050
253,  359,  1051,  1112
646,  735,  1026,  1093
514,  646,  1094,  1151
337,  406,  15,  93
338,  447,  1113,  1160
1428,  1543,  373,  414
204,  297,  598,  646
106,  129,  711,  890
501,  548,  207,  301
1127,  1176,  231,  310
1545,  1621,  258,  302
801,  957,  77,  98
1541,  1619,  476,  517
690,  760,  672,  717
360,  446,  1077,  1112
312,  429,  262,  286
1014,  1075,  672,  713
287,  311,  128,  227
550,  645,  1071,  1093
677,  734,  132,  169
1025,  1080,  131,  169
549,  575,  238,  316
471,  501,  144,  206
849,  945,  747,  766
255,  297,  1009,  1050
1768,  1803,  368,  415
475,  500,  207,  271
1127,  1159,  586,  634
695,  729,  980,  1025
514,  586,  1152,  1173
416,  430,  389,  494
849,  864,  767,  859
647,  694,  1094,  1124
5,  19,  394,  492
798,  826,  927,  977
1191,  1212,  469,  535
159,  185,  961,  1014
98,  144,  259,  286
532,  542,  364,  477
736,  770,  1026,  1059
291,  337,  1113,  1137
204,  225,  908,  960
219,  252,  1051,  1084
603,  631,  599,  638
298,  340,  598,  623
604,  631,  201,  240
204,  224,  647,  696
380,  447,  1161,  1174
93,  129,  598,  621
1540,  1581,  518,  538
1177,  1197,  269,  310
1546,  1583,  235,  257
1127,  1152,  198,  230
39,  63,  535,  568
1622,  1656,  279,  302
610,  645,  1048,  1070
38,  63,  318,  348
1620,  1657,  476,  496
373,  396,  315,  347
1696,  1729,  323,  345
373,  394,  537,  571
659,  689,  672,  695
99,  105,  749,  852
1696,  1733,  436,  454
174,  262,  228,  235
724,  760,  718,  736
557,  575,  525,  561
407,  439,  73,  93
514,  549,  1078,  1093
1076,  1103,  672,  692
1014,  1045,  714,  731
298,  324,  1030,  1050
747,  760,  887,  926
705,  734,  114,  131
836,  923,  71,  76
1804,  1825,  381,  403
670,  694,  1006,  1025
1025,  1057,  116,  130
471,  486,  113,  143
1081,  1106,  151,  169
116,  129,  891,  925
116,  129,  676,  710
655,  676,  149,  169
255,  276,  988,  1008
279,  286,  150,  205
352,  391,  4,  14
958,  993,  87,  98
143,  158,  961,  987
766,  800,  87,  98
360,  391,  1064,  1076
1160,  1175,  586,  611
713,  729,  956,  979
946,  981,  747,  757
225,  267,  647,  655
798,  814,  978,  999
587,  617,  1152,  1163
204,  213,  873,  907
647,  673,  1125,  1137
695,  712,  1094,  1112
226,  238,  935,  960
204,  212,  697,  733
1213,  1221,  469,  505
407,  413,  26,  72
1127,  1142,  635,  654
430,  452,  262,  275
849,  858,  860,  891
121,  144,  246,  258
514,  557,  1174,  1180
736,  752,  1060,  1077
549,  566,  221,  237
827,  836,  927,  956
1191,  1200,  536,  565
588,  602,  599,  618
590,  603,  220,  240
314,  337,  1138,  1149
581,  609,  1061,  1070
203,  218,  1051,  1068
298,  323,  624,  634
330,  336,  26,  65
487,  500,  272,  290
269,  290,  1113,  1124
431,  434,  411,  476
299,  311,  108,  127
411,  447,  1175,  1181
82,  97,  271,  286
239,  252,  1085,  1102
1540,  1561,  539,  549
173,  185,  1015,  1033
617,  631,  639,  654
771,  784,  1026,  1042
1657,  1676,  291,  302
619,  631,  183,  200
341,  355,  598,  612
50,  63,  302,  317
865,  908,  767,  771
1546,  1565,  224,  234
1584,  1603,  247,  257
110,  129,  622,  632
1730,  1747,  334,  345
471,  474,  207,  259
1153,  1166,  216,  230
1177,  1186,  248,  268
1,  4,  418,  468
1620,  1639,  497,  506
395,  404,  537,  557
10,  19,  374,  393
1768,  1787,  358,  367
1696,  1715,  455,  464
1658,  1677,  476,  485
567,  575,  562,  583
1582,  1599,  518,  528
1127,  1140,  184,  197
79,  92,  598,  611
529,  531,  389,  453
1198,  1205,  287,  310
440,  455,  82,  93
52,  63,  569,  584
225,  233,  656,  676
754,  760,  860,  886
373,  409,  287,  291
1768,  1784,  416,  426
12,  19,  493,  515
416,  423,  495,  517
1622,  1639,  269,  278
865,  867,  772,  832
416,  423,  367,  388
28,  38,  535,  550
1696,  1714,  314,  322
397,  406,  331,  347
630,  645,  1037,  1047
373,  383,  299,  314
673,  689,  696,  705
291,  311,  228,  235
709,  723,  718,  728
1734,  1751,  436,  444
325,  344,  1043,  1050
373,  385,  572,  583
647,  658,  672,  684
537,  542,  338,  363
742,  760,  737,  744
739,  746,  908,  926
359,  379,  1161,  1167
537,  542,  478,  501
195,  242,  225,  227
29,  37,  333,  348
683,  694,  994,  1005
1076,  1087,  693,  704
487,  494,  126,  143
123,  129,  926,  945
550,  556,  525,  544
392,  414,  1071,  1076
97,  98,  769,  836
1081,  1092,  140,  150
1025,  1041,  108,  115
322,  336,  85,  93
1046,  1060,  714,  722
255,  265,  976,  987
642,  654,  160,  169
691,  704,  123,  131
298,  311,  1021,  1029
123,  129,  658,  675
1542,  1543,  415,  475
1104,  1114,  672,  682
502,  504,  158,  197
1014,  1028,  732,  739
204,  207,  845,  872
511,  538,  302,  305
798,  805,  1000,  1013
713,  723,  1094,  1103
719,  734,  107,  113
1826,  1835,  387,  397
660,  669,  1015,  1025
512,  538,  203,  206
723,  729,  941,  955
151,  158,  988,  1000
110,  115,  891,  907
1176,  1183,  586,  598
1107,  1117,  161,  169
277,  285,  998,  1008
213,  218,  697,  712
750,  765,  93,  98
647,  658,  1138,  1145
665,  676,  141,  148
705,  712,  968,  979
204,  206,  734,  764
958,  976,  82,  86
239,  245,  948,  960
1201,  1207,  536,  548
1160,  1166,  612,  624
360,  372,  1057,  1063
994,  1006,  92,  98
136,  142,  961,  973
982,  996,  747,  752
837,  842,  927,  941
214,  219,  893,  907
786,  800,  81,  86
111,  115,  693,  710
230,  238,  1085,  1094
618,  632,  1152,  1157
514,  535,  1181,  1184
1143,  1150,  635,  645
849,  853,  892,  908
587,  603,  1164,  1168
1058,  1069,  124,  130
102,  105,  853,  873
946,  962,  758,  762
549,  557,  212,  220
73,  81,  278,  286
471,  479,  104,  112
753,  761,  1060,  1068
594,  609,  1056,  1060
860,  898,  69,  70
303,  313,  1138,  1144
298,  310,  635,  640
226,  232,  924,  934
277,  278,  159,  196
1127,  1134,  655,  663
360,  383,  1,  3
597,  602,  619,  630
674,  685,  1125,  1130
582,  589,  232,  240
211,  218,  1069,  1077
327,  329,  34,  57
197,  202,  1051,  1062
109,  120,  253,  258
1804,  1815,  375,  380
1539,  1550,  550,  555
736,  743,  1078,  1086
596,  603,  211,  219
430,  441,  276,  281
102,  105,  731,  748
481,  486,  272,  283
281,  290,  1125,  1131
268,  281,  647,  651
292,  298,  118,  127
1804,  1813,  404,  410
414,  416,  34,  56
758,  760,  837,  859
1222,  1225,  469,  485
1213,  1216,  506,  522
815,  820,  978,  988
453,  463,  262,  267
414,  426,  68,  72
167,  172,  1015,  1025
327,  337,  1150,  1155
158,  173,  232,  235
613,  618,  190,  200
568,  580,  1066,  1070
1153,  1160,  208,  215
356,  363,  598,  605
624,  631,  655,  662
758,  760,  745,  765
609,  616,  639,  646
135,  144,  240,  245
1546,  1555,  218,  223
234,  238,  656,  667
1187,  1192,  259,  268
15,  19,  362,  373
325,  334,  1037,  1042
1657,  1666,  285,  290
263,  277,  232,  235
405,  410,  537,  546
1748,  1757,  340,  345
1584,  1593,  241,  246
558,  572,  1174,  1177
1768,  1777,  352,  357
583,  587,  599,  610
817,  835,  74,  76
283,  286,  206,  219
771,  778,  1043,  1049
924,  942,  74,  76
283,  286,  136,  149
785,  791,  1026,  1033
57,  63,  294,  301
1677,  1684,  296,  302
1600,  1610,  518,  522
179,  185,  1034,  1041
1696,  1706,  465,  469
1206,  1210,  300,  310
562,  566,  562,  572
827,  831,  957,  967
1191,  1195,  566,  576
1620,  1628,  507,  512
1658,  1668,  486,  490
700,  708,  718,  723
1696,  1704,  308,  313
1785,  1793,  416,  421
394,  410,  1175,  1177
695,  703,  1113,  1118
859,  861,  860,  876
1562,  1570,  539,  544
680,  689,  706,  710
342,  351,  10,  14
1622,  1631,  264,  268
620,  629,  1043,  1047
384,  388,  305,  314
120,  129,  633,  637
47,  51,  569,  578
1604,  1613,  253,  257
72,  78,  598,  604
435,  435,  417,  465
1127,  1133,  177,  183
100,  109,  622,  626
392,  398,  8,  14
305,  311,  101,  107
1566,  1573,  229,  234
640,  646,  672,  678
1730,  1737,  328,  333
90,  97,  265,  270
1088,  1095,  693,  698
261,  268,  1113,  1118
456,  463,  88,  93
526,  549,  1076,  1077
432,  447,  1182,  1184
567,  572,  230,  237
909,  924,  767,  769
528,  528,  400,  445
33,  38,  551,  558
424,  427,  495,  506
1640,  1648,  497,  501
44,  49,  310,  317
324,  332,  624,  628
1678,  1686,  476,  480
637,  645,  1032,  1036
1716,  1724,  455,  459
1177,  1181,  239,  247
1582,  1590,  529,  533
1734,  1742,  445,  449
751,  753,  873,  886
492,  500,  291,  295
341,  349,  613,  617
626,  631,  176,  182
298,  304,  1015,  1020
58,  63,  585,  591
373,  378,  292,  298
373,  379,  584,  589
1141,  1146,  191,  197
1640,  1646,  273,  278
255,  260,  969,  975
407,  411,  340,  347
689,  694,  987,  993
416,  419,  518,  527
370,  379,  1168,  1171
397,  401,  323,  330
424,  427,  379,  388
15,  19,  516,  523
416,  420,  359,  366
1198,  1201,  277,  286
8,  11,  493,  502
743,  746,  898,  907
225,  229,  677,  684
207,  209,  734,  746
415,  427,  1074,  1076
1788,  1795,  363,  367
540,  542,  502,  514
1768,  1776,  427,  430
34,  37,  324,  332
25,  28,  340,  348
239,  250,  656,  658
1093,  1098,  145,  150
677,  682,  1000,  1005
0,  0,  426,  461
1167,  1172,  225,  230
735,  738,  918,  926
649,  654,  154,  159
350,  358,  1161,  1164
733,  741,  737,  740
1752,  1760,  436,  439
208,  210,  861,  872
1025,  1033,  104,  107
328,  336,  81,  84
24,  27,  535,  543
666,  672,  696,  700
466,  500,  1187,  1187
440,  448,  78,  81
571,  575,  584,  590
447,  447,  1078,  1112
395,  399,  558,  564
718,  722,  949,  955
653,  659,  1021,  1025
96,  96,  783,  817
246,  252,  1103,  1107
203,  236,  224,  224
534,  536,  353,  363
86,  92,  612,  616
120,  122,  926,  936
534,  536,  478,  488
540,  542,  327,  337
547,  549,  525,  535
410,  420,  287,  289
868,  868,  787,  819
554,  556,  545,  555
1029,  1036,  732,  735
392,  402,  1068,  1070
1715,  1722,  319,  322
775,  785,  84,  86
345,  352,  1047,  1050
806,  809,  1000,  1007
495,  498,  136,  143
1061,  1068,  714,  717
1042,  1049,  112,  115
729,  734,  102,  106
373,  380,  1060,  1063
3,  4,  402,  417
716,  723,  729,  732
1046,  1053,  723,  726
246,  250,  955,  960
386,  390,  572,  577
1104,  1108,  683,  688
120,  122,  666,  675
1836,  1840,  390,  395
204,  205,  830,  844
127,  129,  648,  657
699,  704,  118,  122
192,  196,  1051,  1056
653,  658,  685,  689
685,  690,  127,  131
286,  290,  1003,  1008
1007,  1016,  96,  98
1081,  1086,  135,  139
724,  728,  1094,  1099
266,  271,  983,  987
1115,  1120,  672,  676
546,  548,  307,  316
1107,  1112,  156,  160
1543,  1543,  344,  372
1541,  1541,  447,  475
505,  505,  163,  191
126,  129,  946,  952
659,  665,  1138,  1141
751,  757,  745,  748
1176,  1179,  599,  605
603,  609,  1052,  1055
670,  676,  137,  140
140,  142,  974,  982
155,  158,  1001,  1007
1167,  1170,  612,  618
1201,  1204,  549,  555
1076,  1082,  705,  708
113,  115,  908,  916
312,  318,  1026,  1029
963,  971,  758,  760
700,  704,  975,  979
865,  866,  833,  845
713,  717,  1104,  1108
225,  229,  1085,  1089
453,  457,  268,  272
637,  641,  165,  169
592,  596,  619,  623
146,  150,  988,  992
317,  321,  89,  93
213,  215,  713,  720
3,  4,  469,  480
487,  491,  121,  125
1151,  1155,  635,  639
674,  679,  1131,  1134
609,  612,  195,  200
1058,  1063,  120,  123
742,  749,  96,  98
1014,  1019,  740,  743
219,  221,  697,  704
798,  801,  1014,  1019
542,  549,  1073,  1075
379,  402,  292,  292
214,  215,  881,  892
727,  729,  933,  940
530,  531,  377,  388
958,  969,  80,  81
997,  1004,  747,  749
226,  229,  918,  923
8,  9,  382,  393
536,  546,  1181,  1182
709,  712,  962,  967
586,  589,  226,  231
713,  718,  110,  113
431,  432,  399,  410
758,  765,  90,  92
104,  105,  720,  730
849,  850,  909,  919
109,  110,  700,  710
977,  987,  85,  86
239,  241,  941,  947
274,  280,  1125,  1127
1217,  1219,  506,  512
843,  845,  927,  933
334,  336,  19,  25
633,  639,  1152,  1154
471,  473,  97,  103
113,  115,  686,  692
837,  839,  942,  948
1804,  1810,  372,  374
128,  134,  243,  245
133,  135,  961,  967
587,  593,  1169,  1171
164,  166,  1015,  1021
114,  120,  250,  252
580,  582,  599,  605
407,  409,  19,  25
618,  624,  1158,  1160
1184,  1186,  586,  592
1814,  1820,  404,  406
854,  856,  892,  898
436,  436,  434,  453
364,  367,  598,  602
220,  222,  901,  907
665,  669,  1011,  1014
69,  72,  282,  286
1222,  1223,  486,  495
660,  664,  145,  148
744,  748,  1078,  1081
771,  774,  1050,  1054
277,  280,  993,  997
558,  561,  216,  220
298,  302,  1138,  1141
600,  603,  206,  210
1685,  1689,  299,  302
1153,  1157,  204,  207
753,  756,  1069,  1073
558,  567,  1069,  1070
762,  765,  1060,  1064
1118,  1122,  166,  169
43,  46,  569,  573
207,  210,  1069,  1073
389,  392,  310,  314
333,  336,  66,  70
1540,  1540,  499,  517
842,  859,  70,  70
982,  987,  753,  755
311,  316,  635,  637
204,  205,  765,  773
1070,  1075,  128,  130
647,  652,  1146,  1148
321,  326,  1150,  1152
360,  365,  1054,  1056
684,  689,  711,  713
427,  432,  70,  72
346,  351,  7,  9
1539,  1544,  556,  558
604,  612,  1164,  1165
402,  410,  1178,  1179
1208,  1210,  536,  541
186,  194,  226,  227
899,  916,  70,  70
1826,  1831,  398,  400
1135,  1137,  655,  660
815,  817,  989,  994
298,  303,  641,  643
296,  298,  112,  117
282,  287,  647,  649
1545,  1545,  241,  257
431,  432,  477,  485
478,  480,  272,  277
760,  760,  820,  836
518,  533,  306,  306
736,  739,  1087,  1090
1127,  1130,  664,  667
424,  431,  1182,  1183
480,  482,  107,  112
760,  760,  766,  781
925,  940,  767,  767
276,  276,  170,  185
399,  402,  11,  14
430,  437,  282,  283
628,  631,  663,  666
364,  379,  0,  0
613,  616,  647,  650
104,  105,  874,  881
182,  185,  1042,  1045
531,  531,  454,  469
442,  445,  276,  279
448,  463,  1079,  1079
785,  788,  1034,  1037
946,  953,  763,  764
325,  328,  1033,  1036
233,  236,  931,  934
1143,  1146,  646,  649
263,  270,  230,  231
166,  173,  230,  231
235,  238,  1095,  1098
18,  19,  354,  361
108,  109,  891,  898
756,  757,  852,  859
101,  101,  853,  867
620,  623,  655,  658
1187,  1190,  255,  258
1794,  1798,  416,  418
105,  108,  255,  258
1551,  1555,  550,  552
1647,  1651,  276,  278
1160,  1163,  625,  628
341,  345,  618,  620
1546,  1550,  215,  217
1206,  1208,  295,  299
1584,  1588,  238,  240
1594,  1598,  244,  246
286,  290,  1132,  1134
821,  823,  978,  982
12,  14,  369,  373
576,  580,  1063,  1065
1778,  1782,  355,  357
1657,  1661,  282,  284
1816,  1820,  378,  380
1574,  1578,  232,  234
1604,  1608,  250,  252
832,  834,  957,  961
589,  593,  1058,  1060
1622,  1626,  261,  263
1658,  1662,  491,  493
1758,  1762,  343,  345
105,  109,  627,  629
1571,  1575,  539,  541
1826,  1830,  384,  386
1768,  1772,  349,  351
1556,  1560,  221,  223
1600,  1604,  523,  525
1667,  1671,  288,  290
1629,  1633,  507,  509
625,  629,  1040,  1042
1696,  1700,  470,  472
994,  998,  89,  91
405,  407,  547,  551
695,  699,  718,  720
1738,  1742,  331,  333
77,  81,  275,  277
243,  249,  226,  227
1705,  1709,  311,  313
1748,  1752,  337,  339
36,  38,  559,  563
278,  284,  234,  235
10,  11,  503,  509
98,  98,  755,  768
810,  816,  75,  76
281,  282,  206,  212
1196,  1197,  566,  572
18,  19,  524,  530
496,  500,  296,  298
573,  579,  1174,  1175
268,  274,  652,  653
281,  282,  143,  149
519,  531,  202,  202
514,  526,  1185,  1185
823,  835,  73,  73
151,  157,  234,  235
794,  800,  79,  80
309,  311,  97,  100
695,  697,  1119,  1122
32,  33,  327,  332
943,  948,  75,  76
101,  101,  737,  748
1096,  1099,  693,  695
642,  645,  1029,  1031
1134,  1137,  181,  183
324,  326,  629,  632
41,  43,  314,  317
567,  569,  226,  229
116,  119,  633,  635
502,  503,  198,  203
86,  89,  268,  270
47,  49,  306,  309
1167,  1169,  221,  224
579,  581,  237,  240
1696,  1699,  305,  307
686,  688,  1125,  1128
407,  408,  334,  339
356,  358,  606,  609
416,  417,  353,  358
1804,  1809,  411,  412
827,  828,  968,  973
373,  376,  590,  592
924,  929,  72,  73
1752,  1755,  440,  442
225,  226,  685,  690
414,  419,  66,  67
636,  639,  672,  674
622,  625,  180,  182
592,  595,  217,  219
559,  561,  562,  565
335,  338,  1040,  1042
1768,  1773,  431,  432
606,  608,  639,  642
745,  746,  892,  897
216,  218,  1078,  1081
600,  602,  631,  634
792,  794,  1026,  1029
704,  706,  1113,  1116
411,  412,  537,  542
69,  71,  598,  601
290,  291,  122,  127
364,  369,  1168,  1169
549,  552,  209,  211
645,  648,  157,  159
616,  619,  1045,  1047
23,  24,  343,  348
539,  544,  205,  206
1193,  1195,  265,  268
1182,  1184,  244,  247
54,  56,  298,  301
1099,  1101,  147,  150
176,  178,  1034,  1037
333,  336,  78,  80
1226,  1227,  469,  474
565,  566,  573,  578
76,  78,  605,  608
1088,  1091,  699,  701
1141,  1143,  187,  190
506,  511,  205,  206
124,  129,  638,  639
749,  750,  881,  886
502,  513,  1079,  1079
302,  304,  104,  107
456,  459,  85,  87
1213,  1214,  523,  528
61,  63,  290,  293
95,  97,  261,  264
308,  313,  1145,  1146
344,  349,  1161,  1162
1127,  1129,  173,  176
265,  268,  1119,  1121
539,  544,  302,  303
257,  260,  1113,  1115
723,  728,  105,  106
1161,  1163,  212,  215
334,  337,  1156,  1158
484,  486,  284,  287
255,  257,  965,  968
424,  425,  373,  378
859,  859,  877,  887
552,  553,  545,  550
464,  467,  91,  93
170,  172,  1026,  1029
251,  261,  656,  656
862,  862,  860,  870
140,  144,  238,  239
239,  240,  659,  663
392,  396,  1066,  1067
226,  227,  913,  917
558,  568,  1178,  1178
381,  385,  1062,  1063
440,  444,  76,  77
1743,  1747,  445,  446
417,  417,  40,  49
420,  421,  518,  522
1544,  1544,  293,  302
326,  326,  41,  50
333,  337,  624,  625
1620,  1624,  513,  514
1147,  1148,  193,  197
1202,  1203,  282,  286
1734,  1738,  450,  451
118,  119,  671,  675
536,  536,  343,  352
1007,  1011,  94,  95
1716,  1720,  460,  461
1614,  1618,  256,  257
680,  684,  130,  131
118,  119,  926,  930
502,  502,  148,  157
1046,  1050,  727,  728
416,  417,  528,  532
1725,  1729,  455,  456
149,  150,  993,  997
704,  708,  724,  725
1591,  1595,  529,  530
1201,  1202,  556,  560
574,  575,  591,  595
125,  126,  653,  657
1687,  1691,  476,  477
741,  742,  903,  907
1562,  1566,  545,  546
1715,  1719,  317,  318
31,  32,  551,  555
389,  393,  1175,  1176
495,  496,  131,  135
1061,  1065,  718,  719
424,  425,  507,  511
234,  235,  668,  672
1785,  1789,  422,  423
428,  437,  1076,  1076
1025,  1029,  102,  103
694,  698,  121,  122
1611,  1615,  518,  519
56,  57,  585,  589
1582,  1586,  534,  535
1211,  1212,  306,  310
1678,  1682,  481,  482
1191,  1192,  577,  581
642,  646,  679,  680
1707,  1711,  465,  466
779,  780,  1043,  1047
1796,  1800,  366,  367
216,  217,  888,  892
586,  587,  611,  615
1640,  1644,  502,  503
670,  672,  701,  703
1730,  1734,  326,  327
1632,  1636,  267,  268
266,  267,  978,  982
545,  546,  525,  529
728,  732,  737,  738
1649,  1653,  497,  498
506,  510,  302,  303
1669,  1673,  486,  487
97,  99,  622,  624
733,  734,  922,  926
1115,  1117,  677,  679
686,  688,  991,  993
207,  207,  747,  755
677,  679,  706,  708
243,  245,  1103,  1105
213,  213,  721,  729
204,  204,  774,  782
539,  539,  502,  510
616,  618,  187,  189
650,  652,  1023,  1025
1076,  1078,  709,  711
464,  466,  262,  264
692,  694,  984,  986
536,  536,  489,  497
83,  85,  612,  614
1677,  1679,  293,  295
757,  757,  749,  757
650,  652,  685,  687
1171,  1173,  612,  614
1121,  1123,  672,  674
90,  92,  617,  619
674,  676,  134,  136
200,  202,  1063,  1065
1177,  1179,  236,  238
1788,  1790,  360,  362
2,  2,  409,  417
753,  753,  864,  872
246,  248,  952,  954
380,  382,  584,  586
1566,  1568,  226,  228
720,  722,  946,  948
189,  191,  1051,  1053
402,  404,  328,  330
487,  489,  118,  120
656,  658,  690,  692
415,  423,  1073,  1073
702,  704,  972,  974
397,  399,  320,  322
663,  665,  696,  698
629,  631,  173,  175
1109,  1111,  683,  685
250,  252,  1108,  1110
657,  659,  1018,  1020
291,  293,  1006,  1008
305,  307,  1018,  1020
395,  397,  565,  567
715,  717,  953,  955
810,  812,  1000,  1002
400,  401,  558,  561
298,  300,  1012,  1014
729,  731,  1094,  1096
1037,  1040,  732,  733
61,  63,  592,  594
674,  676,  1003,  1005
865,  865,  846,  853
6,  7,  390,  393
285,  286,  220,  223
594,  596,  624,  626
208,  208,  853,  860
474,  476,  101,  103
1761,  1764,  436,  437
98,  98,  837,  844
972,  975,  758,  759
925,  932,  768,  768
128,  129,  953,  956
412,  413,  344,  347
162,  163,  1015,  1018
737,  738,  914,  917
428,  429,  495,  498
538,  541,  1074,  1075
977,  980,  83,  84
909,  916,  770,  770
759,  759,  766,  773
958,  961,  78,  79
666,  669,  1138,  1139
518,  525,  1077,  1077
599,  602,  1054,  1055
1777,  1780,  427,  428
1042,  1045,  110,  111
210,  210,  734,  741
384,  387,  2,  3
178,  185,  227,  227
312,  315,  1024,  1025
416,  423,  1182,  1182
22,  23,  535,  538
204,  204,  822,  829
759,  759,  829,  836
403,  406,  1069,  1070
531,  531,  369,  376
541,  542,  515,  518
633,  636,  1035,  1036
530,  530,  454,  461
230,  231,  677,  680
681,  682,  996,  999
747,  750,  745,  746
538,  539,  334,  337
410,  411,  22,  25
1198,  1199,  273,  276
738,  741,  741,  742
604,  607,  1166,  1167
376,  379,  1172,  1173
332,  333,  22,  25
440,  447,  1185,  1185
356,  359,  2,  3
261,  262,  972,  975
709,  712,  112,  113
1093,  1096,  143,  144
771,  774,  85,  86
26,  27,  544,  547
1029,  1032,  736,  737
27,  28,  336,  339
211,  212,  869,  872
1034,  1037,  106,  107
449,  452,  80,  81
345,  348,  1045,  1046
720,  723,  733,  734
285,  286,  132,  135
1050,  1053,  114,  115
725,  726,  937,  940
851,  852,  909,  912
1020,  1023,  740,  741
221,  224,  1085,  1086
138,  139,  974,  977
392,  395,  6,  7
250,  256,  227,  227
100,  100,  853,  859
288,  294,  647,  647
594,  600,  1169,  1169
448,  454,  1078,  1078
206,  206,  838,  844
779,  785,  83,  83
108,  108,  704,  710
854,  854,  899,  905
542,  542,  321,  326
289,  290,  228,  231
474,  474,  260,  266
194,  196,  1057,  1058
4,  4,  481,  487
1180,  1181,  599,  601
115,  115,  679,  685
698,  700,  1119,  1120
1005,  1007,  747,  748
251,  253,  959,  960
294,  295,  115,  117
421,  426,  287,  287
1017,  1019,  97,  98
121,  122,  937,  939
688,  690,  125,  126
707,  709,  1113,  1114
568,  570,  584,  585
157,  158,  1008,  1010
1153,  1154,  201,  203
228,  229,  1090,  1092
1069,  1070,  714,  716
1217,  1217,  513,  518
640,  642,  1152,  1153
216,  216,  713,  718
242,  243,  945,  947
687,  689,  714,  715
278,  280,  1128,  1129
490,  491,  291,  293
1804,  1805,  369,  371
1054,  1056,  723,  724
319,  321,  87,  88
930,  935,  73,  73
325,  327,  83,  84
1118,  1120,  164,  165
13,  14,  516,  518
66,  68,  285,  286
1113,  1115,  159,  160
949,  954,  76,  76
49,  51,  579,  580
114,  115,  917,  919
766,  768,  1060,  1061
414,  414,  57,  62
281,  282,  995,  997
433,  433,  405,  410
549,  549,  536,  541
830,  835,  72,  72
328,  329,  31,  33
1640,  1641,  270,  272
335,  336,  71,  73
1070,  1072,  126,  127
757,  757,  846,  851
988,  990,  753,  754
428,  429,  386,  388
433,  435,  71,  72
1723,  1724,  320,  322
562,  567,  1068,  1068
594,  595,  214,  216
446,  448,  276,  277
707,  708,  965,  967
533,  533,  478,  483
339,  341,  13,  14
111,  112,  908,  910
153,  154,  1001,  1003
222,  223,  697,  699
562,  564,  219,  220
702,  704,  116,  117
386,  387,  578,  580
458,  459,  268,  270
588,  589,  223,  225
837,  838,  949,  951
1151,  1153,  640,  641
698,  699,  977,  979
353,  355,  1049,  1050
119,  120,  247,  249
1138,  1140,  655,  656
421,  421,  361,  366
757,  758,  1069,  1071
1841,  1842,  392,  394
16,  17,  359,  361
806,  807,  1008,  1010
499,  500,  141,  143
2,  2,  469,  474
410,  415,  290,  290
379,  381,  297,  298
102,  104,  257,  258
625,  627,  1158,  1159
1167,  1168,  619,  621
272,  274,  986,  987
763,  765,  88,  89
544,  545,  314,  316
634,  636,  168,  169
744,  745,  1082,  1084
7,  7,  493,  498
350,  351,  613,  615
1160,  1161,  629,  631
1814,  1816,  407,  408
547,  548,  304,  306
1539,  1541,  559,  560
384,  385,  302,  304
802,  803,  1014,  1016
607,  609,  1050,  1051
1087,  1089,  138,  139
1173,  1174,  228,  230
315,  316,  91,  93
713,  715,  729,  730
718,  719,  1104,  1106
639,  641,  163,  164
689,  691,  1125,  1126
843,  844,  934,  936
573,  574,  235,  237
359,  361,  606,  607
391,  392,  572,  574
286,  288,  1001,  1002
997,  999,  750,  751
1187,  1189,  586,  587
667,  669,  1009,  1010
659,  661,  1142,  1143
220,  221,  898,  900
356,  358,  1165,  1166
327,  329,  629,  630
66,  68,  598,  599
295,  297,  1138,  1139
584,  585,  229,  231
1107,  1109,  154,  155
578,  579,  599,  601
329,  331,  1035,  1036
1064,  1066,  122,  123
36,  37,  321,  323
1176,  1177,  606,  608
1690,  1692,  301,  302
868,  873,  772,  772
100,  100,  743,  748
414,  415,  31,  33
1081,  1083,  133,  134
607,  608,  198,  200
680,  682,  1131,  1132
711,  712,  959,  961
368,  369,  598,  600
652,  654,  152,  153
1156,  1157,  635,  637
233,  234,  928,  930
798,  799,  1020,  1022
860,  860,  877,  881
1187,  1188,  252,  254
319,  321,  1028,  1029
263,  267,  229,  229
483,  484,  110,  112
1058,  1060,  118,  119
503,  503,  153,  157
122,  122,  661,  665
129,  129,  643,  647
1206,  1206,  290,  294
536,  540,  1183,  1183
219,  220,  705,  707
533,  533,  359,  363
618,  622,  1161,  1161
863,  863,  860,  864
1208,  1208,  542,  546
105,  105,  715,  719
737,  741,  98,  98
278,  278,  154,  158
329,  329,  58,  62
954,  958,  763,  763
745,  749,  95,  95
431,  431,  394,  398
316,  320,  1150,  1150
1222,  1222,  496,  500
223,  223,  903,  907
251,  255,  657,  657
561,  561,  566,  570
584,  588,  1060,  1060
130,  134,  242,  242
430,  434,  284,  284
535,  535,  348,  352
846,  846,  927,  931
1224,  1224,  486,  490
1226,  1226,  475,  479
1205,  1205,  549,  553
123,  127,  245,  245
805,  809,  76,  76
840,  840,  942,  946
373,  377,  1059,  1059
103,  103,  726,  730
278,  278,  197,  201
753,  757,  92,  92
633,  637,  1155,  1155
571,  575,  1065,  1065
14,  14,  364,  368
1083,  1084,  705,  706
547,  551,  1181,  1181
999,  1003,  91,  91
752,  752,  869,  872
558,  562,  1179,  1179
1545,  1546,  556,  557
1147,  1148,  646,  647
268,  271,  654,  654
611,  612,  193,  194
1131,  1132,  664,  665
1576,  1577,  539,  540
17,  17,  524,  527
312,  313,  1147,  1148
775,  775,  1050,  1053
415,  418,  1072,  1072
4,  4,  398,  401
398,  401,  1178,  1178
350,  351,  5,  6
325,  326,  1153,  1154
555,  556,  556,  557
818,  819,  989,  990
1134,  1135,  179,  180
1696,  1697,  473,  474
1799,  1800,  416,  417
1634,  1635,  507,  508
239,  240,  939,  940
59,  60,  292,  293
1182,  1183,  242,  243
832,  832,  962,  965
54,  55,  585,  586
499,  500,  299,  300
598,  599,  209,  210
538,  538,  502,  505
731,  734,  101,  101
1184,  1184,  593,  596
622,  623,  659,  660
275,  278,  652,  652
230,  231,  922,  923
546,  549,  1072,  1072
663,  664,  143,  144
590,  591,  619,  620
105,  105,  882,  885
829,  830,  968,  969
433,  433,  477,  480
227,  228,  685,  686
658,  659,  147,  148
713,  714,  1109,  1110
360,  361,  1052,  1053
821,  821,  983,  986
373,  373,  593,  596
771,  771,  1055,  1058
749,  750,  1078,  1079
1734,  1735,  452,  453
304,  305,  641,  642
640,  641,  1030,  1031
211,  211,  865,  868
42,  42,  569,  572
679,  680,  998,  999
674,  675,  1135,  1136
407,  410,  1070,  1070
403,  404,  13,  14
1556,  1557,  550,  551
1193,  1193,  261,  264
211,  211,  734,  737
1725,  1726,  457,  458
545,  548,  302,  302
125,  125,  946,  949
1701,  1704,  470,  470
366,  367,  1055,  1056
1605,  1606,  523,  524
1551,  1552,  553,  554
535,  535,  489,  492
298,  299,  644,  645
647,  650,  1149,  1149
333,  334,  626,  627
114,  115,  633,  634
563,  564,  573,  574
1804,  1807,  413,  413
22,  22,  345,  348
128,  129,  640,  641
271,  274,  231,  231
1198,  1198,  566,  569
184,  185,  1046,  1047
9,  9,  378,  381
1768,  1771,  433,  433
413,  413,  537,  540
1123,  1124,  168,  169
962,  965,  79,  79
715,  718,  109,  109
109,  109,  899,  902
107,  107,  891,  894
162,  165,  231,  231
103,  103,  874,  877
479,  480,  278,  279
634,  635,  672,  673
407,  410,  1180,  1180
630,  631,  667,  668
385,  388,  1175,  1175
653,  654,  1146,  1147
510,  513,  1078,  1078
792,  793,  1030,  1031
285,  288,  235,  235
728,  729,  931,  932
108,  109,  630,  631
762,  763,  1065,  1066
30,  31,  331,  332
727,  728,  103,  104
134,  135,  968,  969
668,  669,  139,  140
339,  342,  1042,  1042
440,  441,  74,  75
611,  612,  647,  648
231,  234,  1095,  1095
307,  308,  99,  100
1014,  1015,  744,  745
963,  966,  761,  761
330,  333,  1156,  1156
331,  332,  66,  67
580,  581,  235,  236
393,  393,  311,  314
1826,  1827,  401,  402
405,  405,  552,  555
214,  214,  721,  724
154,  157,  233,  233
1663,  1666,  491,  491
753,  754,  1074,  1075
1821,  1822,  404,  405
534,  537,  1075,  1075
1130,  1131,  175,  176
268,  269,  981,  982
428,  431,  1075,  1075
241,  244,  659,  659
409,  409,  336,  339
208,  208,  747,  750
214,  214,  877,  880
614,  615,  1046,  1047
311,  314,  638,  638
289,  289,  124,  127
567,  568,  224,  225
7,  7,  386,  389
573,  576,  1176,  1176
740,  741,  1087,  1088
278,  281,  233,  233
554,  557,  1070,  1070
477,  477,  272,  275
1104,  1105,  689,  690
103,  104,  627,  628
946,  949,  765,  765
112,  113,  251,  252
1743,  1744,  447,  448
131,  132,  961,  962
693,  694,  718,  719
317,  318,  635,  636
389,  390,  308,  309
170,  173,  229,  229
418,  418,  355,  358
80,  81,  273,  274
1143,  1143,  650,  653
277,  278,  991,  992
663,  664,  1013,  1014
645,  646,  681,  682
431,  431,  486,  489
209,  210,  1074,  1075
1167,  1168,  219,  220
209,  209,  857,  860
52,  53,  300,  301
626,  627,  663,  664
237,  238,  1099,  1100
71,  72,  280,  281
1193,  1194,  577,  578
624,  625,  178,  179
750,  750,  877,  880
724,  725,  1100,  1101
755,  755,  856,  859
212,  215,  1078,  1078
1127,  1128,  668,  669
815,  816,  995,  996
45,  46,  574,  575
428,  428,  499,  502
93,  94,  263,  264
781,  782,  1043,  1044
790,  793,  80,  80
1149,  1150,  196,  197
74,  75,  605,  606
205,  206,  1069,  1070
785,  786,  1038,  1039
824,  824,  978,  980
558,  559,  214,  215
616,  616,  651,  653
1640,  1642,  504,  504
1551,  1553,  217,  217
1730,  1732,  325,  325
1569,  1571,  228,  228
638,  639,  675,  676
855,  855,  899,  901
1611,  1613,  520,  520
148,  148,  993,  995
14,  14,  519,  521
1642,  1644,  272,  272
115,  115,  920,  922
553,  555,  211,  211
587,  589,  1172,  1172
754,  756,  749,  749
795,  795,  1026,  1028
424,  424,  370,  372
1161,  1161,  209,  211
1102,  1103,  149,  150
1756,  1758,  440,  440
1164,  1164,  625,  627
748,  748,  884,  886
271,  273,  1125,  1125
706,  708,  726,  726
492,  492,  123,  125
602,  603,  204,  205
1687,  1689,  478,  478
301,  303,  1014,  1014
336,  336,  16,  18
1758,  1760,  342,  342
1582,  1584,  536,  536
288,  290,  648,  648
397,  399,  1067,  1067
1632,  1634,  266,  266
142,  142,  983,  985
1218,  1218,  513,  515
1725,  1727,  322,  322
580,  582,  1174,  1174
539,  541,  304,  304
367,  369,  1170,  1170
810,  810,  1003,  1005
1716,  1718,  462,  462
1609,  1611,  252,  252
585,  585,  611,  613
618,  618,  184,  186
114,  114,  683,  685
851,  851,  913,  915
341,  343,  621,  621
798,  800,  78,  78
783,  785,  82,  82
1678,  1680,  483,  483
112,  112,  690,  692
1700,  1702,  307,  307
1649,  1651,  499,  499
1046,  1048,  729,  729
1783,  1785,  357,  357
282,  282,  140,  142
217,  217,  713,  715
682,  684,  129,  129
539,  539,  331,  333
415,  415,  57,  59
9,  9,  503,  505
353,  355,  1165,  1165
467,  469,  262,  262
386,  388,  1063,  1063
1785,  1787,  424,  424
570,  570,  227,  229
280,  280,  147,  149
551,  551,  545,  547
1778,  1780,  354,  354
255,  255,  962,  964
487,  487,  115,  117
732,  732,  924,  926
546,  546,  530,  532
145,  145,  988,  990
80,  82,  612,  612
218,  218,  890,  892
294,  296,  1008,  1008
1076,  1078,  130,  130
1669,  1671,  488,  488
982,  984,  756,  756
427,  429,  69,  69
1658,  1660,  494,  494
236,  236,  668,  670
1591,  1593,  531,  531
420,  420,  523,  525
330,  332,  80,  80
1748,  1750,  336,  336
1796,  1798,  365,  365
373,  375,  1172,  1172
402,  402,  325,  327
722,  722,  943,  945
1579,  1581,  234,  234
509,  511,  204,  204
107,  107,  708,  710
688,  688,  988,  990
548,  548,  536,  538
857,  857,  892,  894
116,  118,  249,  249
594,  596,  1170,  1170
1707,  1709,  467,  467
1164,  1164,  213,  215
539,  541,  204,  204
1220,  1220,  506,  508
1629,  1631,  510,  510
418,  418,  528,  530
408,  408,  547,  549
453,  455,  273,  273
1211,  1211,  536,  538
502,  502,  204,  206
849,  849,  920,  922
970,  972,  81,  81
1170,  1170,  222,  224
1177,  1177,  233,  235
347,  349,  1163,  1163
1831,  1833,  386,  386
696,  698,  120,  120
426,  426,  376,  378
335,  337,  1039,  1039
1652,  1654,  278,  278
216,  216,  885,  887
1794,  1796,  419,  419
422,  422,  364,  366
1211,  1211,  303,  305
643,  645,  1028,  1028
420,  422,  67,  67
738,  738,  911,  913
988,  990,  86,  86
742,  742,  900,  902
1672,  1674,  290,  290
30,  30,  551,  553
1061,  1063,  720,  720
1041,  1043,  732,  732
424,  424,  512,  514
1614,  1616,  255,  255
1599,  1601,  246,  246
1816,  1818,  377,  377
1657,  1659,  281,  281
545,  545,  311,  313
1667,  1669,  287,  287
1836,  1838,  396,  396
122,  122,  940,  942
11,  11,  510,  512
1604,  1606,  249,  249
1763,  1765,  345,  345
421,  423,  288,  288
627,  629,  1039,  1039
329,  329,  28,  30
573,  573,  591,  593
225,  225,  691,  693
1622,  1624,  260,  260
6,  6,  493,  495
1791,  1793,  362,  362
1589,  1591,  240,  240
1187,  1187,  588,  590
121,  121,  663,  665
622,  624,  1042,  1042
697,  699,  721,  721
1546,  1548,  214,  214
1768,  1770,  348,  348
38,  38,  564,  566
23,  23,  539,  541
1832,  1834,  398,  398
744,  744,  895,  897
1571,  1573,  542,  542
1773,  1775,  351,  351
1556,  1558,  220,  220
1584,  1586,  237,  237
148,  150,  235,  235
541,  541,  324,  326
1743,  1745,  333,  333
991,  993,  753,  753
1826,  1828,  383,  383
976,  978,  758,  758
1753,  1755,  339,  339
1705,  1707,  310,  310
300,  302,  1142,  1142
119,  119,  931,  933
112,  112,  911,  913
1715,  1717,  316,  316
288,  290,  1135,  1135
1738,  1740,  330,  330
1680,  1682,  295,  295
1620,  1622,  515,  515
582,  582,  606,  608
305,  307,  1145,  1145
110,  110,  697,  699
1213,  1213,  529,  531
397,  397,  317,  319
981,  983,  84,  84
1144,  1144,  188,  190
1836,  1838,  389,  389
254,  256,  1113,  1113
1662,  1664,  284,  284
570,  570,  586,  588
1213,  1213,  308,  310
282,  282,  213,  215
1071,  1073,  714,  714
1710,  1712,  313,  313
1685,  1687,  298,  298
542,  542,  519,  521
1600,  1602,  526,  526
1806,  1808,  371,  371
1561,  1563,  223,  223
1025,  1027,  101,  101
1008,  1010,  747,  747
341,  343,  1161,  1161
1562,  1564,  547,  547
35,  35,  559,  561
1594,  1596,  243,  243
1574,  1576,  231,  231
1627,  1629,  263,  263
428,  428,  383,  385
735,  737,  741,  741
1647,  1649,  275,  275
1811,  1813,  374,  374
282,  284,  650,  650
578,  578,  238,  240
761,  762,  89,  89
1215,  1215,  523,  525
1821,  1823,  380,  380
246,  246,  950,  951
732,  734,  1094,  1094
283,  285,  1132,  1132
601,  602,  1053,  1053
1000,  1001,  750,  750
685,  685,  992,  993
280,  280,  206,  208
613,  614,  1164,  1164
587,  588,  1059,  1059
673,  673,  135,  136
422,  422,  518,  519
263,  264,  1119,  1119
716,  717,  952,  952
473,  473,  260,  261
373,  374,  1058,  1058
607,  608,  643,  643
1087,  1088,  137,  137
354,  355,  3,  3
258,  258,  967,  968
1810,  1811,  411,  411
117,  117,  674,  675
241,  241,  660,  661
249,  249,  1108,  1109
345,  346,  1044,  1044
1088,  1088,  702,  703
649,  649,  685,  686
310,  311,  96,  96
383,  384,  584,  584
1141,  1141,  185,  186
356,  356,  610,  611
362,  363,  1168,  1168
1112,  1112,  683,  684
89,  89,  266,  267
260,  260,  1116,  1117
717,  718,  108,  108
402,  403,  558,  558
1739,  1740,  450,  450
96,  96,  622,  623
406,  406,  552,  553
313,  314,  93,  93
544,  544,  525,  526
756,  757,  91,  91
606,  606,  199,  200
789,  789,  1034,  1035
268,  268,  1122,  1123
117,  117,  926,  927
605,  605,  639,  640
128,  128,  646,  647
1204,  1204,  285,  286
63,  63,  595,  596
495,  495,  129,  130
644,  644,  158,  159
41,  41,  569,  570
224,  224,  906,  907
31,  31,  329,  330
175,  175,  1034,  1035
1200,  1200,  275,  276
137,  137,  974,  975
662,  662,  696,  697
126,  126,  651,  652
1185,  1185,  593,  594
234,  234,  673,  674
1034,  1035,  105,  105
1096,  1097,  696,  696
392,  393,  5,  5
615,  615,  651,  652
75,  76,  277,  277
1144,  1144,  650,  651
379,  380,  296,  296
612,  613,  1047,  1047
464,  465,  90,  90
392,  393,  1065,  1065
1057,  1058,  723,  723
1092,  1093,  699,  699
1109,  1110,  686,  686
702,  703,  724,  724
1115,  1115,  680,  681
1196,  1196,  573,  574
489,  489,  291,  292
994,  995,  88,  88
1748,  1749,  445,  445
394,  394,  313,  314
368,  369,  1056,  1056
579,  580,  1062,  1062
143,  144,  237,  237
1118,  1118,  677,  678
332,  333,  1157,  1157
19,  19,  352,  353
237,  237,  933,  934
1079,  1080,  709,  709
1781,  1782,  427,  427
59,  60,  592,  592
621,  621,  181,  182
68,  68,  283,  284
631,  631,  171,  172
251,  251,  957,  958
592,  593,  1057,  1057
545,  546,  206,  206
456,  456,  83,  84
239,  239,  937,  938
648,  648,  155,  156
1118,  1118,  162,  163
352,  352,  613,  614
89,  89,  617,  618
407,  408,  18,  18
226,  226,  911,  912
724,  724,  939,  940
411,  411,  543,  544
138,  139,  239,  239
181,  181,  1042,  1043
242,  242,  943,  944
636,  636,  166,  167
1701,  1702,  471,  471
35,  35,  322,  323
1024,  1025,  740,  740
482,  483,  284,  284
1203,  1203,  556,  557
1196,  1196,  267,  268
308,  308,  1019,  1020
39,  40,  317,  317
178,  178,  1038,  1039
627,  628,  175,  175
230,  230,  920,  921
1761,  1762,  438,  438
161,  161,  1015,  1016
474,  474,  99,  100
414,  414,  537,  538
1636,  1637,  507,  507
374,  374,  593,  594
847,  847,  927,  928
288,  288,  228,  229
169,  169,  1026,  1027
449,  450,  276,  276
1683,  1684,  481,  481
591,  591,  621,  622
504,  505,  302,  302
46,  46,  308,  309
736,  736,  916,  917
230,  230,  681,  682
19,  19,  531,  532
1180,  1180,  602,  603
694,  694,  982,  983
1171,  1171,  615,  616
305,  306,  1017,  1017
1100,  1101,  693,  693
126,  127,  244,  244
1090,  1091,  139,  139
301,  301,  106,  107
697,  697,  978,  979
615,  615,  188,  189
1185,  1185,  246,  247
426,  426,  507,  508
239,  239,  664,  665
21,  21,  347,  348
396,  397,  7,  7
222,  222,  700,  701
1191,  1191,  582,  583
1843,  1843,  392,  393
566,  567,  1067,  1067
139,  139,  978,  979
1202,  1202,  280,  281
560,  560,  566,  567
711,  712,  729,  729
227,  227,  687,  688
283,  283,  996,  997
655,  655,  690,  691
323,  324,  1153,  1153
721,  722,  106,  106
718,  719,  733,  733
370,  370,  598,  599
310,  311,  1147,  1147
480,  480,  105,  106
711,  712,  111,  111
399,  399,  9,  10
1207,  1207,  293,  294
673,  673,  1004,  1005
325,  326,  1032,  1032
707,  708,  113,  113
1151,  1151,  642,  643
349,  350,  1046,  1046
562,  562,  217,  218
618,  619,  1162,  1162
224,  224,  1087,  1088
291,  291,  120,  121
720,  721,  1104,  1104
344,  345,  9,  9
818,  818,  991,  992
276,  277,  1128,  1128
1201,  1201,  561,  562
827,  827,  974,  975
188,  188,  1051,  1052
364,  365,  603,  603
1616,  1617,  518,  518
26,  26,  338,  339
670,  671,  1138,  1138
1596,  1597,  529,  529
1107,  1108,  153,  153
504,  505,  206,  206
1138,  1138,  182,  183
63,  63,  288,  289
234,  234,  1096,  1097
126,  127,  640,  640
740,  740,  906,  907
218,  218,  1082,  1083
346,  347,  618,  618
71,  71,  602,  603
49,  49,  304,  305
135,  135,  970,  971
746,  746,  890,  891
460,  460,  268,  269
449,  450,  79,  79
286,  286,  130,  131
377,  377,  590,  591
11,  11,  372,  373
298,  298,  110,  111
84,  85,  270,  270
759,  759,  1069,  1070
1721,  1722,  460,  460
1054,  1055,  725,  725
564,  564,  575,  576
1020,  1021,  98,  98
669,  669,  701,  702
78,  78,  609,  610
395,  395,  568,  569
729,  729,  929,  930
288,  288,  126,  127
356,  357,  1050,  1050
56,  56,  296,  297
233,  233,  926,  927
25,  25,  544,  545
133,  134,  241,  241
1712,  1713,  465,  465
654,  654,  150,  151
300,  301,  644,  644
386,  386,  303,  304
635,  636,  1034,  1034
1578,  1579,  539,  539
746,  746,  1082,  1083
736,  737,  1091,  1091
477,  477,  102,  103
196,  196,  1059,  1060
829,  829,  970,  971
1016,  1017,  744,  744
242,  242,  1103,  1104
284,  284,  220,  221
641,  641,  161,  162
1127,  1127,  171,  172
509,  510,  304,  304
619,  619,  655,  656
1206,  1206,  549,  550
1155,  1156,  203,  203
1046,  1047,  111,  111
328,  328,  58,  59
566,  566,  579,  580
51,  51,  581,  582
480,  480,  280,  281
340,  341,  12,  12
669,  669,  1007,  1008
471,  471,  95,  96
272,  272,  984,  985
745,  746,  745,  745
1777,  1778,  429,  429
769,  770,  86,  86
833,  833,  962,  963
362,  363,  1053,  1053
112,  113,  633,  633
412,  412,  342,  343
414,  415,  65,  65
722,  723,  735,  735
419,  419,  357,  358
1198,  1198,  271,  272
655,  656,  1146,  1146
16,  16,  524,  525
107,  108,  254,  254
499,  499,  139,  140
676,  677,  1135,  1135
1020,  1021,  742,  742
608,  609,  1166,  1166
191,  191,  1054,  1055
1050,  1051,  113,  113
1158,  1158,  206,  207
729,  729,  1097,  1098
573,  573,  233,  234
1654,  1655,  497,  497
602,  602,  635,  636
410,  410,  338,  339
734,  734,  920,  921
339,  340,  1041,  1041
837,  837,  952,  953
1054,  1055,  115,  115
220,  220,  896,  897
380,  381,  587,  587
476,  476,  272,  273
726,  726,  935,  936
704,  704,  970,  971
1828,  1829,  401,  401
293,  294,  1138,  1138
232,  232,  677,  678
649,  649,  1024,  1025
1558,  1559,  550,  550
633,  634,  1156,  1156
1645,  1646,  502,  502
311,  312,  639,  639
244,  244,  946,  947
1801,  1802,  416,  416
666,  667,  1140,  1140
574,  575,  1064,  1064
158,  158,  1011,  1012
336,  337,  1159,  1159
412,  412,  24,  25
1187,  1187,  250,  251
430,  431,  285,  285
725,  726,  104,  104
628,  629,  1158,  1158
291,  291,  1004,  1005
199,  199,  1063,  1064
166,  166,  1022,  1023
1029,  1030,  738,  738
731,  732,  739,  739
416,  416,  533,  534
733,  734,  100,  100
468,  468,  92,  93
748,  749,  94,  94
416,  416,  351,  352
599,  599,  631,  632
726,  727,  737,  737
336,  336,  76,  77
290,  290,  232,  233
658,  658,  693,  694
676,  676,  1001,  1002
1033,  1034,  736,  736
172,  172,  1030,  1031
772,  772,  1055,  1056
228,  228,  916,  917
331,  331,  24,  25
286,  286,  224,  225
100,  101,  258,  258
460,  460,  86,  87
381,  382,  1061,  1061
1804,  1805,  414,  414
119,  119,  669,  670
643,  644,  1152,  1152
577,  577,  599,  600
215,  215,  1079,  1080
152,  152,  1001,  1002
442,  443,  280,  280
1135,  1136,  661,  661
122,  123,  638,  638
1113,  1113,  157,  158
1790,  1791,  422,  422
1696,  1697,  304,  304
129,  129,  957,  958
414,  414,  29,  30
1007,  1008,  93,  93
1030,  1031,  103,  103
1042,  1043,  109,  109
655,  656,  1020,  1020
388,  389,  578,  578
1625,  1626,  513,  513
647,  648,  1150,  1150
304,  304,  102,  103
43,  43,  312,  313
556,  556,  558,  559
662,  663,  1142,  1142
1199,  1199,  566,  567
414,  414,  346,  347
675,  676,  706,  706
749,  750,  747,  747
766,  767,  1062,  1062
319,  320,  635,  635
227,  227,  1090,  1091
1191,  1191,  257,  258
841,  841,  942,  943
596,  596,  627,  628
691,  691,  985,  986
348,  349,  6,  6
1752,  1753,  443,  443
464,  464,  265,  266
740,  741,  97,  97
1663,  1664,  492,  492
1817,  1818,  407,  407
650,  651,  153,  153
319,  320,  1151,  1151
495,  495,  296,  297
776,  777,  1050,  1050
127,  127,  953,  954
740,  741,  743,  743
202,  202,  1066,  1067
1547,  1548,  556,  556
1567,  1568,  545,  545
1607,  1608,  523,  523
822,  822,  983,  984
306,  307,  641,  641
835,  835,  957,  958
1124,  1124,  672,  673
1587,  1588,  534,  534
597,  598,  1055,  1055
388,  389,  3,  3
558,  558,  562,  563
21,  21,  535,  536
1093,  1093,  141,  142
436,  437,  72,  72
284,  284,  134,  135
219,  219,  708,  709
579,  579,  602,  603
263,  263,  974,  975
1730,  1731,  455,  455
124,  124,  656,  657
683,  683,  711,  712
1209,  1209,  542,  543
486,  486,  288,  289
843,  843,  937,  938
118,  119,  636,  636
1674,  1675,  486,  486
1138,  1139,  657,  657
1149,  1149,  646,  646
154,  154,  1004,  1005
445,  446,  77,  77
1209,  1209,  298,  299
553,  553,  551,  552
999,  1000,  90,  90
438,  439,  282,  282
312,  312,  1022,  1023
1768,  1769,  434,  434
549,  550,  208,  208
298,  298,  1010,  1011
1037,  1038,  734,  734
497,  497,  134,  135
1693,  1694,  302,  302
618,  619,  1044,  1044
124,  124,  946,  947
17,  17,  357,  358
659,  659,  1016,  1017
1194,  1194,  263,  264
132,  132,  963,  964
605,  606,  1051,  1051
248,  248,  1108,  1108
1038,  1039,  107,  107
1692,  1693,  476,  476
764,  764,  1065,  1065
1012,  1013,  95,  95
1821,  1821,  379,  379
721,  721,  945,  945
1092,  1092,  700,  700
13,  13,  367,  368
1716,  1716,  463,  463
825,  825,  978,  978
53,  53,  585,  585
698,  698,  1121,  1121
558,  558,  213,  213
657,  657,  148,  148
1139,  1139,  183,  183
1725,  1725,  321,  321
1647,  1647,  274,  274
1134,  1134,  178,  178
471,  471,  260,  260
220,  220,  1085,  1085
94,  94,  262,  262
628,  628,  174,  174
1125,  1125,  672,  672
792,  792,  1032,  1032
589,  589,  619,  619
313,  313,  1023,  1023
150,  150,  998,  998
601,  601,  635,  635
375,  375,  593,  593
1180,  1180,  238,  238
639,  639,  677,  677
1788,  1788,  359,  359
1182,  1182,  599,  599
289,  289,  1002,  1002
652,  652,  1022,  1022
198,  198,  1063,  1063
1672,  1672,  289,  289
1087,  1087,  136,  136
610,  610,  647,  647
1160,  1160,  632,  632
632,  632,  1036,  1036
299,  299,  1011,  1011
1130,  1130,  174,  174
273,  273,  985,  985
815,  815,  997,  997
144,  144,  988,  988
1579,  1579,  233,  233
730,  730,  1097,  1097
53,  53,  299,  299
380,  380,  588,  588
1165,  1165,  215,  215
1058,  1058,  117,  117
692,  692,  718,  718
335,  335,  18,  18
403,  403,  327,  327
747,  747,  1082,  1082
687,  687,  990,  990
73,  73,  605,  605
168,  168,  1026,  1026
1753,  1753,  338,  338
1085,  1085,  705,  705
1619,  1619,  257,  257
598,  598,  631,  631
1574,  1574,  230,  230
469,  469,  93,  93
195,  195,  1059,  1059
341,  341,  11,  11
1175,  1175,  230,  230
1556,  1556,  219,  219
753,  753,  1076,  1076
679,  679,  709,  709
494,  494,  296,  296
32,  32,  556,  556
625,  625,  177,  177
467,  467,  263,  263
99,  99,  625,  625
1632,  1632,  265,  265
560,  560,  215,  215
1076,  1076,  129,  129
708,  708,  964,  964
1114,  1114,  158,  158
297,  297,  111,  111
591,  591,  219,  219
1685,  1685,  297,  297
400,  400,  562,  562
1153,  1153,  200,  200
311,  311,  95,  95
712,  712,  958,  958
185,  185,  1048,  1048
1169,  1169,  619,  619
1162,  1162,  629,  629
387,  387,  304,  304
627,  627,  665,  665
493,  493,  125,  125
687,  687,  126,  126
45,  45,  309,  309
1129,  1129,  668,  668
678,  678,  999,  999
1720,  1720,  318,  318
683,  683,  1131,  1131
617,  617,  186,  186
665,  665,  699,  699
171,  171,  1030,  1030
1079,  1079,  710,  710
1700,  1700,  306,  306
664,  664,  142,  142
483,  483,  109,  109
1652,  1652,  277,  277
583,  583,  231,  231
488,  488,  291,  291
1584,  1584,  236,  236
485,  485,  288,  288
402,  402,  559,  559
1123,  1123,  167,  167
324,  324,  84,  84
693,  693,  122,  122
330,  330,  629,  629
667,  667,  140,  140
643,  643,  159,  159
1794,  1794,  420,  420
405,  405,  330,  330
804,  804,  1014,  1014
44,  44,  574,  574
1773,  1773,  350,  350
790,  790,  1034,  1034
453,  453,  274,  274
160,  160,  1015,  1015
55,  55,  297,  297
1637,  1637,  268,  268
393,  393,  572,  572
335,  335,  1038,  1038
386,  386,  581,  581
193,  193,  1057,  1057
1151,  1151,  197,  197
623,  623,  179,  179
1136,  1136,  180,  180
174,  174,  1034,  1034
259,  259,  968,  968
284,  284,  997,  997
1836,  1836,  397,  397
60,  60,  593,  593
1162,  1162,  211,  211
382,  382,  298,  298
1081,  1081,  132,  132
1178,  1178,  606,  606
92,  92,  620,  620
1073,  1073,  127,  127
1649,  1649,  500,  500
676,  676,  707,  707
637,  637,  675,  675
319,  319,  1027,  1027
359,  359,  608,  608
1094,  1094,  142,  142
1778,  1778,  353,  353
400,  400,  10,  10
581,  581,  606,  606
676,  676,  133,  133
201,  201,  1066,  1066
740,  740,  1089,  1089
686,  686,  714,  714
1109,  1109,  687,  687
659,  659,  146,  146
710,  710,  961,  961
318,  318,  88,  88
65,  65,  286,  286
453,  453,  81,  81
264,  264,  1120,  1120
1662,  1662,  283,  283
1070,  1070,  125,  125
407,  407,  17,  17
62,  62,  289,  289
682,  682,  711,  711
305,  305,  1016,  1016
658,  658,  1017,  1017
1132,  1132,  176,  176
584,  584,  611,  611
652,  652,  688,  688
1116,  1116,  160,  160
1826,  1826,  382,  382
1110,  1110,  155,  155
593,  593,  216,  216
273,  273,  1126,  1126
270,  270,  982,  982
1061,  1061,  721,  721
1669,  1669,  489,  489
300,  300,  107,  107
1188,  1188,  588,  588
37,  37,  320,  320
1594,  1594,  242,  242
704,  704,  1117,  1117
633,  633,  672,  672
629,  629,  667,  667
597,  597,  210,  210
1783,  1783,  356,  356
338,  338,  624,  624
1816,  1816,  376,  376
1066,  1066,  718,  718
647,  647,  156,  156
104,  104,  256,  256
82,  82,  613,  613
698,  698,  119,  119
107,  107,  630,  630
81,  81,  272,  272
587,  587,  225,  225
811,  811,  1003,  1003
666,  666,  1010,  1010
689,  689,  1127,  1127
446,  446,  278,  278
1131,  1131,  666,  666
314,  314,  92,  92
731,  731,  926,  926
662,  662,  144,  144
1167,  1167,  218,  218
1159,  1159,  207,  207
400,  400,  322,  322
1710,  1710,  312,  312
383,  383,  585,  585
67,  67,  284,  284
612,  612,  649,  649
48,  48,  305,  305
285,  285,  1133,  1133
1743,  1743,  332,  332
485,  485,  112,  112
329,  329,  1034,  1034
657,  657,  693,  693
1173,  1173,  227,  227
766,  766,  1063,  1063
699,  699,  976,  976
1145,  1145,  650,  650
214,  214,  1079,  1079
391,  391,  575,  575
1064,  1064,  121,  121
1736,  1736,  452,  452
389,  389,  307,  307
118,  118,  248,  248
1562,  1562,  548,  548
297,  297,  1140,  1140
478,  478,  103,  103
247,  247,  951,  951
29,  29,  551,  551
1566,  1566,  225,  225
1629,  1629,  511,  511
755,  755,  1074,  1074
603,  603,  203,  203
686,  686,  1129,  1129
488,  488,  117,  117
1138,  1138,  658,  658
609,  609,  1049,  1049
303,  303,  103,  103
40,  40,  316,  316
1758,  1758,  341,  341
633,  633,  169,  169
362,  362,  606,  606
1228,  1228,  469,  469
614,  614,  189,  189
27,  27,  548,  548
1614,  1614,  254,  254
769,  769,  1060,  1060
156,  156,  1008,  1008
252,  252,  1111,  1111
37,  37,  564,  564
464,  464,  89,  89
732,  732,  1095,  1095
1067,  1067,  123,  123
236,  236,  1099,  1099
1141,  1141,  655,  655
210,  210,  1076,  1076
646,  646,  683,  683
1738,  1738,  329,  329
183,  183,  1046,  1046
465,  465,  265,  265
635,  635,  167,  167
1667,  1667,  286,  286
1642,  1642,  271,  271
1125,  1125,  169,  169
565,  565,  220,  220
593,  593,  624,  624
483,  483,  285,  285
585,  585,  228,  228
1582,  1582,  537,  537
40,  40,  569,  569
742,  742,  1087,  1087
760,  760,  1069,  1069
1591,  1591,  532,  532
1730,  1730,  324,  324
1147,  1147,  648,  648
442,  442,  75,  75
498,  498,  299,  299
475,  475,  100,  100
1142,  1142,  186,  186
1147,  1147,  192,  192
327,  327,  631,  631
245,  245,  1106,  1106
1811,  1811,  373,  373
72,  72,  279,  279
302,  302,  1143,  1143
717,  717,  951,  951
756,  756,  750,  750
261,  261,  971,  971
785,  785,  1040,  1040
391,  391,  309,  309
1768,  1768,  347,  347
1172,  1172,  615,  615
802,  802,  1017,  1017
572,  572,  591,  591
1102,  1102,  148,  148
165,  165,  1022,  1022
1748,  1748,  335,  335
1542,  1542,  559,  559
238,  238,  1101,  1101
1627,  1627,  262,  262
1599,  1599,  245,  245
1104,  1104,  150,  150
715,  715,  1109,  1109
757,  757,  1072,  1072
75,  75,  607,  607
378,  378,  590,  590
668,  668,  1008,  1008
587,  587,  616,  616
563,  563,  218,  218
1176,  1176,  609,  609
77,  77,  609,  609
264,  264,  975,  975
1600,  1600,  527,  527
595,  595,  213,  213
34,  34,  559,  559
350,  350,  616,  616
335,  335,  77,  77
1025,  1025,  100,  100
1165,  1165,  625,  625
256,  256,  1114,  1114
715,  715,  731,  731
58,  58,  293,  293
1155,  1155,  202,  202
102,  102,  627,  627
461,  461,  268,  268
256,  256,  964,  964
569,  569,  586,  586
1119,  1119,  677,  677
1678,  1678,  484,  484
279,  279,  992,  992
1569,  1569,  227,  227
346,  346,  619,  619
395,  395,  314,  314
701,  701,  974,  974
95,  95,  622,  622
1167,  1167,  622,  622
682,  682,  995,  995
275,  275,  987,  987
636,  636,  1033,  1033
301,  301,  1013,  1013
1832,  1832,  399,  399
177,  177,  1038,  1038
645,  645,  1027,  1027
332,  332,  79,  79
696,  696,  979,  979
42,  42,  313,  313
1121,  1121,  675,  675
1785,  1785,  425,  425
707,  707,  1115,  1115
680,  680,  1133,  1133
1657,  1657,  280,  280
1097,  1097,  144,  144
1756,  1756,  441,  441
813,  813,  1000,  1000
638,  638,  164,  164
610,  610,  194,  194
321,  321,  86,  86
672,  672,  1005,  1005
601,  601,  205,  205
720,  720,  1105,  1105
1791,  1791,  361,  361
631,  631,  669,  669
692,  692,  1125,  1125
472,  472,  96,  96
621,  621,  659,  659
1841,  1841,  391,  391
371,  371,  598,  598
1715,  1715,  315,  315
575,  575,  596,  596
481,  481,  106,  106
630,  630,  172,  172
180,  180,  1042,  1042
661,  661,  696,  696
457,  457,  84,  84
1116,  1116,  680,  680
1622,  1622,  259,  259
749,  749,  1080,  1080
684,  684,  993,  993
70,  70,  602,  602
1774,  1774,  431,  431
808,  808,  1008,  1008
50,  50,  581,  581
461,  461,  87,  87
290,  290,  1136,  1136
1690,  1690,  300,  300
316,  316,  90,  90
1182,  1182,  241,  241
762,  762,  1067,  1067
267,  267,  1122,  1122
1571,  1571,  543,  543
308,  308,  98,  98
458,  458,  271,  271
620,  620,  182,  182
68,  68,  600,  600
65,  65,  598,  598
604,  604,  639,  639
1156,  1156,  638,  638
1814,  1814,  409,  409
309,  309,  1020,  1020
60,  60,  291,  291
353,  353,  1048,  1048
33,  33,  326,  326
1640,  1640,  505,  505
241,  241,  1103,  1103
259,  259,  1116,  1116
796,  796,  1026,  1026
1128,  1128,  172,  172
1178,  1178,  235,  235
1121,  1121,  165,  165
614,  614,  651,  651
1076,  1076,  712,  712
710,  710,  1113,  1113
1046,  1046,  730,  730
51,  51,  301,  301
294,  294,  1007,  1007
79,  79,  274,  274
396,  396,  568,  568
1705,  1705,  309,  309
1174,  1174,  612,  612
1801,  1801,  367,  367
1135,  1135,  662,  662
410,  410,  21,  21
1745,  1745,  447,  447
1099,  1099,  146,  146
1553,  1553,  553,  553
800,  800,  1020,  1020
1609,  1609,  251,  251
599,  599,  208,  208
204,  204,  1069,  1069
624,  624,  1041,  1041
1119,  1119,  163,  163
306,  306,  100,  100
28,  28,  335,  335
335,  335,  626,  626
608,  608,  644,  644
277,  277,  990,  990
491,  491,  294,  294
1620,  1620,  516,  516
781,  781,  1045,  1045
141,  141,  983,  983
608,  608,  197,  197
293,  293,  117,  117
1089,  1089,  702,  702
1096,  1096,  697,  697
268,  268,  980,  980
672,  672,  704,  704
718,  718,  1107,  1107
405,  405,  14,  14
695,  695,  1123,  1123
1727,  1727,  457,  457
567,  567,  223,  223
88,  88,  267,  267
206,  206,  1071,  1071
659,  659,  1144,  1144
76,  76,  276,  276
689,  689,  716,  716
787,  787,  1038,  1038
1604,  1604,  248,  248
701,  701,  1119,  1119
281,  281,  994,  994
640,  640,  162,  162
699,  699,  722,  722
654,  654,  690,  690
325,  325,  1031,  1031
57,  57,  590,  590
364,  364,  604,  604
1149,  1149,  195,  195
612,  612,  192,  192
187,  187,  1051,  1051
327,  327,  82,  82
1611,  1611,  521,  521
806,  806,  1011,  1011
111,  111,  252,  252
48,  48,  579,  579
1100,  1100,  694,  694
1765,  1765,  436,  436
1680,  1680,  294,  294
229,  229,  1093,  1093
595,  595,  627,  627
714,  714,  955,  955
1127,  1127,  670,  670
1707,  1707,  468,  468
548,  548,  303,  303
719,  719,  948,  948
266,  266,  977,  977
62,  62,  595,  595
316,  316,  1025,  1025
1698,  1698,  473,  473
332,  332,  1036,  1036
701,  701,  117,  117
357,  357,  610,  610
798,  798,  1023,  1023
1106,  1106,  689,  689
653,  653,  151,  151
336,  336,  74,  74
577,  577,  240,  240
407,  407,  333,  333
368,  368,  601,  601
24,  24,  342,  342
589,  589,  222,  222
1154,  1154,  640,  640
292,  292,  1005,  1005
398,  398,  565,  565
644,  644,  681,  681
1071,  1071,  715,  715
388,  388,  579,  579
1687,  1687,  479,  479
703,  703,  971,  971
623,  623,  661,  661
217,  217,  1082,  1082
286,  286,  1000,  1000
226,  226,  1090,  1090
70,  70,  281,  281
693,  693,  983,  983
690,  690,  124,  124
1735,  1735,  327,  327
672,  672,  136,  136
605,  605,  200,  200
1104,  1104,  691,  691
249,  249,  954,  954
384,  384,  301,  301
1551,  1551,  216,  216
776,  776,  1051,  1051
629,  629,  1038,  1038
662,  662,  1014,  1014
679,  679,  131,  131
280,  280,  1130,  1130
773,  773,  1055,  1055
345,  345,  8,  8
208,  208,  1074,  1074
675,  675,  1002,  1002
553,  553,  210,  210
1589,  1589,  239,  239
235,  235,  930,  930
252,  252,  958,  958
1836,  1836,  388,  388
625,  625,  663,  663
409,  409,  547,  547
334,  334,  71,  71
237,  237,  668,  668
779,  779,  1048,  1048
736,  736,  1092,  1092
684,  684,  128,  128
322,  322,  1029,  1029
324,  324,  633,  633
1084,  1084,  134,  134
664,  664,  1012,  1012
97,  97,  260,  260
353,  353,  613,  613
233,  233,  1096,  1096
1831,  1831,  385,  385
163,  163,  1019,  1019
641,  641,  679,  679
783,  783,  1043,  1043
190,  190,  1054,  1054
1189,  1189,  254,  254
1823,  1823,  404,  404
55,  55,  587,  587
1133,  1133,  664,  664
669,  669,  138,  138
618,  618,  655,  655
341,  341,  622,  622
88,  88,  617,  617
338,  338,  14,  14
295,  295,  114,  114
706,  706,  967,  967
46,  46,  576,  576
1061,  1061,  119,  119
726,  726,  1100,  1100
1107,  1107,  152,  152
223,  223,  1087,  1087
1806,  1806,  370,  370
1796,  1796,  364,  364
1677,  1677,  292,  292
333,  333,  21,  21
1051,  1051,  727,  727
571,  571,  229,  229
1083,  1083,  707,  707
639,  639,  1031,  1031
85,  85,  269,  269
85,  85,  615,  615
1561,  1561,  222,  222
1658,  1658,  495,  495
1152,  1152,  642,  642
648,  648,  1025,  1025
1763,  1763,  344,  344
656,  656,  1019,  1019
648,  648,  685,  685
751,  751,  1078,  1078
1145,  1145,  190,  190
490,  490,  120,  120
744,  744,  1085,  1085
403,  403,  12,  12
398,  398,  319,  319
708,  708,  727,  727
724,  724,  1102,  1102
581,  581,  234,  234
713,  713,  1111,  1111
1158,  1158,  635,  635
147,  147,  993,  993
92,  92,  264,  264
690,  690,  986,  986
1113,  1113,  683,  683
1193,  1193,  579,  579
668,  668,  701,  701
332,  332,  68,  68
379,  379,  295,  295
1171,  1171,  224,  224
704,  704,  115,  115
